complaint_text,category,urgency,duration,affected_count,source
"Paneer dishes are a disappointment every single time. Watery gravy, small pieces, and no flavor. For the price they charge, paneer should at least be decent.",Mess/Food,Medium,More than a month,5 to 20,synthetic
"Dustbins are placed only at entrances  not inside labs or near study areas. Students have to walk too far, so they dump waste nearby instead.",Cleanliness,High,From Last Month,20+,synthetic
classroom windows broken hain,Infrastructure,High,From Last Month,20+,synthetic
The mess doesn't cater well to students with dietary restrictions. No proper vegetarian options beyond the standard menu. Some variety please.,Mess/Food,High,More than a month,20+,synthetic
Benches in the canteen outdoor area are broken. Students sitting on them risk getting hurt. Replace them please.,Infrastructure,High,More than a month,2 to 5,synthetic
Canteen mein kabhi kabhi food cover nahi hota  flies around kar rahi hai aur staff ko koi difference nahi padta. Health hazard hai yeh.,Mess/Food,Medium,More than a month,5 to 20,synthetic
202 classroom ka AC 2 mahine se band hai. Summer mein bina AC ke ek hour bhi baithna mushkil hai. Please get it repaired already.,Technical Issues,Medium,More than a month,Only me,synthetic
printer out of order hai,Technical Issues,Medium,From last week,20+,synthetic
Wifi password change hote rehta hai bina notice ke. Ek din suddenly disconnect  class mein teacher something batate hai aur hum internet ke bina hote hai.,Technical Issues,Medium,More than a month,5 to 20,synthetic
no soap dispenser in washroom,Infrastructure,High,More than a month,20+,synthetic
college mein transport nahi hai,Other,High,From last week,Only me,synthetic
No dustbins inside lab rooms. Students have to walk to corridor to throw waste. Add dustbins inside labs please.,Infrastructure,Medium,From Last Month,20+,synthetic
"The mess management really needs to step up. Food quality has been consistently bad for over a month now. No nutrition, excess oil, same boring menu every day. For students who stay far and depend entirely on college food, this is a serious problem. We're paying full fees for this college  the least they can do is provide edible food. The seating arrangement is also pathetic. During lunch break it feels like a fish market. Please take this seriously.",Mess/Food,High,More than a month,20+,synthetic
Clg mein itne assignments hai ki self study ke liye time hi nahi milta. Skills develop karne ka koi mauka nahi dete.,Academics,High,More than a month,5 to 20,synthetic
"Faculty member calls on students who seem distracted and mocks them sarcastically. 'Aap toh celebrity ho, hum wait karein aapke liye?' This is demeaning.",Ragging,High,More than a month,Only me,synthetic
sir behavior students ke saath bahut bura hai,Ragging,High,More than a month,Only me,synthetic
"After college events, the venue is never cleaned properly. Next day students find leftover food, plastic, and mess everywhere.",Cleanliness,High,More than a month,5 to 20,synthetic
"Professor takes attendance and then leaves after 10 minutes. But if students do the same, they lose marks. Double standard bahut frustrating hai.",Ragging,Medium,From Last Month,2 to 5,synthetic
notice nahi milti properly,Other,High,More than a month,2 to 5,synthetic
"The washrooms in this college are in a terrible condition. All the toilet stalls in girls washroom of D block have broken flush handles  you have to manually pour water or just leave it. The floor is perpetually wet creating a slipping hazard. There are no soap dispensers. The cleaning is done only once in the morning, after which the condition deteriorates rapidly through the day. By afternoon it's genuinely unbearable. This is a health and hygiene issue that directly affects girl students every single day. Please set up a proper cleaning schedule and maintenance team.",Cleanliness,High,More than a month,5 to 20,synthetic
"The building infrastructure of this college is quite poor for the fees we pay. Broken benches, non-functional lights in corridors, leaking roofs during rain, broken washroom doors  these are basic things that should be maintained regularly. In one of our classrooms, two of the three ceiling fans don't work. In Mumbai heat, sitting in a hot classroom with one fan for 60 students is unbearable. Please allocate budget for proper maintenance. Students deserve a functional learning environment.",Infrastructure,High,More than a month,20+,synthetic
Benches in the canteen outdoor area are broken. Students sitting on them risk getting hurt. Replace them please.,Infrastructure,High,More than a month,2 to 5,synthetic
Our professor regularly humiliates students in class when they give wrong answers. Yeh teaching method nahi hai  this kills students' confidence and creates fear.,Ragging,High,From last week,Only me,synthetic
library mein AC nahi hai,Technical Issues,High,More than a month,5 to 20,synthetic
202 classroom ka AC 2 mahine se band hai. Summer mein bina AC ke ek hour bhi baithna mushkil hai. Please get it repaired already.,Technical Issues,Medium,From Last Month,5 to 20,synthetic
washroom lock toot gaya hai,Infrastructure,High,More than a month,20+,synthetic
Hostel corridor cleaning happens only on weekends. 5 days mein corridor itna ganda ho jaata hai ki walk karna uncomfortable ho jata hai.,Cleanliness,High,More than a month,5 to 20,synthetic
Declaration page for every submission of every subject ,Academics,High,From Last Month,20+,real
During MSE exams submission portal crashed and many students couldn't upload on time. Who takes responsibility for technical failure?,Technical Issues,Medium,More than a month,5 to 20,synthetic
Computer lab booking system is manual  we have to physically go and check availability. An online booking system would save so much time.,Technical Issues,Medium,More than a month,Only me,synthetic
"Yaar ITI students get better practical training than us sometimes. Hum engineering kar rahe hai but kabhi kuch banana nahi sikha. Sab theoretical hai. Physics, maths, theory, theory, theory. Kab industry-ready honge? Companies mein jaate hai interview ke liye toh pata chalta hai kitna gap hai. College ki responsibility hai ki hume ready kare  aur yeh college fail ho rahi hai is maamle mein completely.",Academics,High,More than a month,20+,synthetic
faculty ne publicly insult kiya,Ragging,High,More than a month,Only me,synthetic
60 rupaye mein yeh milta hai?,Mess/Food,Medium,More than a month,2 to 5,synthetic
"Yaar seriously aaj kal college mein padhna ek torture ban gaya hai. Monday test, tuesday assignment submission, wednesday practical, thursday ISA  kab breathe karein? Aur professor jo padhate hai woh bhi outdated hai. Industry mein koi aur cheez maang raha hai aur hum yahan kuch aur seekh rahe hai. Phir placement ka time aata hai toh samajh nahi aata kya karein. College ne koi roadmap nahi diya, koi mentoring nahi, bas attendance count hoti hai. This is so demoralizing.",Academics,High,More than a month,20+,synthetic
60 rupaye mein yeh milta hai?,Mess/Food,High,More than a month,20+,synthetic
"Classroom floors are swept but not mopped. Sticky floors, stains, and marks everywhere. Proper floor cleaning with disinfectant is required.",Cleanliness,High,More than a month,20+,synthetic
Professor ek student ka assignment baar baar reject karta hai bina proper reason ke aur publicly embarrass karta hai. Targeted harassment lag raha hai.,Ragging,Medium,More than a month,Only me,synthetic
No hand sanitizers or soap available in washrooms. During flu season this is a major hygiene risk for everyone in the college.,Cleanliness,High,From Last Month,2 to 5,synthetic
There is a pattern of behavior from one particular professor that I want to report formally. He regularly singles out students who don't have 100% attendance and threatens them in front of the class. He uses sarcastic and demeaning language. Girls especially have complained of feeling uncomfortable in his classes. On multiple occasions he has made comments that were inappropriate and humiliating. This is not discipline  this is harassment. Several students have already stopped attending his classes out of fear. Please investigate and act.,Ragging,High,From last week,2 to 5,synthetic
The gap between what this college teaches and what industry actually needs is HUGE. I went for internship interviews and realized I didn't know half the things they were asking. My college just focuses on rote learning and attendance. Where is the practical exposure? Where is the mentorship? The placement record of this college is declining every year and no one is taking responsibility. Students who work hard are still unemployed because the college failed to prepare them. This is not acceptable.,Academics,High,More than a month,20+,synthetic
canteen bahut expensive hai,Mess/Food,Medium,More than a month,2 to 5,synthetic
monday test hata do please,Academics,High,More than a month,20+,synthetic
lab PC login nahi ho raha,Technical Issues,Low,More than a month,Only me,synthetic
Professor ek particular student group ke saath bias rakhta hai  favorites ko marks deta hai aur baaki ko unfairly treats karta hai. This is discrimination.,Ragging,High,From last week,20+,synthetic
The college app crashes frequently and has a very outdated UI. Assignment submissions through the app often fail. Please update or replace it.,Other,High,More than a month,2 to 5,synthetic
"Our professor doesn't allow students to leave class even during emergencies. When a student requested washroom break urgently, he refused. This is inhumane.",Ragging,High,More than a month,2 to 5,synthetic
"Vending machine near the canteen has been out of order for 3 weeks now. After 5pm when canteen closes, students have no food/snack option. Please fix it.",Other,Low,Today,2 to 5,synthetic
"The main gate area gets very crowded during dismissal time. No crowd management, no designated exit paths. Accident prone situation.",Infrastructure,High,More than a month,20+,synthetic
Faculty khud nahi jaante kya padhana hai  ek professor ne wrong concept padhaya aur jab point out kiya toh attitude dikha diya. Unacceptable.,Academics,High,From last week,20+,synthetic
"Canteen staff is rude when you ask for extra roti or point out something wrong with the food. We are customers, treat us with respect.",Mess/Food,Medium,More than a month,5 to 20,synthetic
parking nahi hai proper,Infrastructure,Medium,More than a month,20+,synthetic
The practical lab sessions have no real experiments. We just copy from manual and submit. Where is the actual learning happening?,Academics,High,More than a month,20+,synthetic
sir behavior students ke saath bahut bura hai,Ragging,High,From Last Month,20+,synthetic
Using old school software and teaching methods. Also sometimes the syllabus feels outdated.,Academics,Medium,More than a month,20+,real
The water from the dispenser does not taste well like normal water,Other,Medium,More than a month,5 to 20,real
"Alumni network is completely inactive. No mentorship program, no networking events, no job referral system through alumni.",Other,High,From last week,20+,synthetic
A student was asked by senior to share their assignment for 'reference' and was threatened that they'd be made uncomfortable otherwise. Clear coercion.,Ragging,High,From last week,Only me,synthetic
The seating capacity in the mess is way too small for the number of students. We end up eating standing or rushing back to class hungry.,Mess/Food,High,More than a month,5 to 20,synthetic
"Multiple systems in lab M411 and M312 are non-functional. Some don't boot, some freeze during work, and some have login issues where it doesn't recognize student IDs. We have practicals to complete with deadlines and we can't work because the computers are broken. This has been reported multiple times but nothing has been fixed. How are we expected to learn if the tools aren't working? The labs need urgent maintenance.",Technical Issues,High,More than a month,Only me,synthetic
"Vending machine accepts only exact change  no change given back, no card/UPI. This is 2026, please upgrade the machine.",Other,Medium,More than a month,2 to 5,synthetic
Monday Tests are unnecessary and keeps our schedule hectic,Academics,Medium,More than a month,20+,real
D block washroom ka floor drainage system kharab hai. Paani floor pe ruk jaata hai aur slippery ho jaata hai. Ek student phisal bhi chuki hai wahan se. Yeh ek accident ka intezaar hai. Flush bhi properly nahi kaam karta. Soap nahi hai. Overall washroom condition bahut unhygienic hai. Please send maintenance team to D block washrooms on priority. This is a safety and hygiene emergency.,Infrastructure,Medium,More than a month,5 to 20,synthetic
lab bench dirty rehte hai,Cleanliness,Low,More than a month,20+,synthetic
100% attendance compulsory kyu hai yaar,Academics,Medium,More than a month,20+,synthetic
"I've been drinking from the water dispenser in A block for months and recently realized the taste has been off for a while  slightly metallic and stale. I think the dispenser hasn't been cleaned or serviced in a long time. We don't have any other water source during college hours. If the water quality is bad, students could get sick. Please get the water tested from a lab and service all dispensers on campus at least once a month. This is a basic health necessity.",Other,High,From Last Month,2 to 5,synthetic
sir behavior students ke saath bahut bura hai,Ragging,High,More than a month,2 to 5,synthetic
No nutritional value in the food being served. Engineering students need proper fuel to study. You can't run on watery dal and thin chapati.,Mess/Food,High,From Last Month,2 to 5,synthetic
High range for low quality of food ,Mess/Food,Medium,More than a month,20+,real
"Attendance policy is draconian. Even if you're sick, you lose marks. College should understand students are human beings, not machines.",Academics,Medium,More than a month,2 to 5,synthetic
water ka taste acha nahi hai,Other,Medium,More than a month,20+,synthetic
"The condition of girls' washrooms across all blocks is extremely poor. Door locks are broken in most stalls. We either have to wait for the one working stall or ask someone to hold the door from outside  which is embarrassing and time-consuming. During break time, there's a huge queue for just one functional washroom. Additionally, there's no proper liquid soap dispenser  just a random sprite bottle with a hole. This is a basic hygiene necessity. Please get the locks repaired and install proper dispensers urgently.",Infrastructure,Medium,More than a month,20+,synthetic
Many system is not working in Lab M312,Technical Issues,High,From last week,2 to 5,real
Internet connection in D block labs is non-existent. We have to use our own mobile data for practicals. College should provide proper connectivity.,Technical Issues,Low,More than a month,Only me,synthetic
"5 din college aao, monday test do, assignments karo, practicals karo. Kab skills develop karein hum? Clg sirf marks ke peeche hai.",Academics,High,More than a month,20+,synthetic
"Yaar campus ki cleanliness ki situation kya bata bhai. Canteen ke bahar ka area garbage dump ban gaya hai. Stairs ke corners pe kachra, dustbins overflow ho rahe hai, aur bahar ka road bhi littered hai. Students bhi zimmedaar hai for sure  but cleaning staff bhi visible nahi hai campus pe during the day. Koi ek person responsible hona chahiye jo ensure kare ki campus clean hai throughout the day. Ek Sunday campus cleanliness drive organize karo  involve students bhi. Something needs to be done.",Cleanliness,High,From last week,20+,synthetic
No bicycle parking area in college. Students who cycle to college have to leave them anywhere. Proper cycle stand should be provided.,Other,Low,More than a month,5 to 20,synthetic
Sir gives extra marks to students who are on his good side regardless of answer quality. This partiality demotivates genuinely hardworking students.,Ragging,Medium,From Last Month,5 to 20,synthetic
"College canteen menu has no options for students with dietary restrictions  no gluten-free, no jain food options mentioned anywhere.",Other,Medium,From Last Month,Only me,synthetic
The ISA marks are directly affecting our SGPA. Ek test mein kuch galat hua toh poora semester kharab. This system needs to change.,Academics,High,More than a month,20+,synthetic
"Library mein AC nahi hai since months. Garmi mein padhai karna impossible ho gaya hai. Books hai, seats hai, but AC nahi  kya fayda?",Technical Issues,High,More than a month,2 to 5,synthetic
paneer watery hai,Mess/Food,Medium,From last week,20+,synthetic
net bahut slow hai,Technical Issues,Medium,More than a month,5 to 20,synthetic
faraway students ke liye koi support nahi,Other,Medium,From Last Month,2 to 5,synthetic
Lab M312 mein half the computers kaam nahi karte. Either they don't boot or the login fails. How are we supposed to complete practicals?,Technical Issues,High,From last week,Only me,synthetic
"Professors woh hai jo sirf class mein aate hai aur ek cheez bata ke chale jate hai. Check karo ki students ne samjha ki nahi? Nahi. Assignment diya, checked kiya? Nahi. Phir exam mein result kharab aaya toh students ki galti. Teachers ka koi accountability nahi hai is college mein. Aur attendance? Unki toh zero accountability hai but hamari 75% maangi jaati hai. This is completely unfair.",Academics,Medium,More than a month,5 to 20,synthetic
"College WhatsApp groups are full of spam  promotional messages, surveys, irrelevant forwards. It's so hard to find important messages in all this noise.",Other,Medium,More than a month,2 to 5,synthetic
Not having good placements or opportunities ,Academics,High,More than a month,20+,real
iMac lab locked rehta hai students ke liye,Technical Issues,High,From Last Month,5 to 20,synthetic
"TONS OF ASSIGNMENTS AND UNNCESSARY STUFF IN SYLLABUS, no access in the iMac lab so what's the point of those pricey hardware which goes unused, and we can't use the labs on our off-lab time/spare time to do and work on something, bad wifi which just gives up sometimes, it mainly has issues with the login thingy, and no AC in the reading room is a big pain, the mens bathroom toilet gets clogged in D block mainly",Academics,High,More than a month,20+,real
The prices are very odd and might be too high for students the canteen doesn't have enough place to sit and eat,Mess/Food,High,More than a month,20+,real
verbal abuse by faculty,Ragging,High,From last week,Only me,synthetic
Water leakage in A block classrooms has been an issue since monsoon. Nothing has been repaired. The seepage is causing wall damage now too.,Infrastructure,High,More than a month,20+,synthetic
100 percent attendance ,Academics,High,More than a month,20+,real
Language problem serious hai clg mein. Maharashtra ke bahar ke students ke liye Marathi medium faculty ek big barrier hai. Kuch professors poori class Marathi mein lete hai aur sirf end mein ek line English mein bolta hai. Non-Marathi students completely lost rehte hai throughout the lecture. Teaching medium English ya Hindi hona chahiye as per university guidelines. Please enforce this properly.,Other,High,More than a month,5 to 20,synthetic
"Professors woh hai jo sirf class mein aate hai aur ek cheez bata ke chale jate hai. Check karo ki students ne samjha ki nahi? Nahi. Assignment diya, checked kiya? Nahi. Phir exam mein result kharab aaya toh students ki galti. Teachers ka koi accountability nahi hai is college mein. Aur attendance? Unki toh zero accountability hai but hamari 75% maangi jaati hai. This is completely unfair.",Academics,Medium,More than a month,20+,synthetic
sir ne gaali di class mein,Ragging,Medium,More than a month,2 to 5,synthetic
"Alumni network is completely inactive. No mentorship program, no networking events, no job referral system through alumni.",Other,Low,More than a month,5 to 20,synthetic
"Network speed during peak hours (10am-12pm) drops to almost nothing. Too many users, not enough bandwidth. Upgrade the network capacity.",Technical Issues,Medium,More than a month,5 to 20,synthetic
canteen bahut expensive hai,Mess/Food,High,More than a month,Only me,synthetic
food quality very poor,Mess/Food,High,More than a month,2 to 5,synthetic
outside college area littered,Cleanliness,High,More than a month,2 to 5,synthetic
canteen UPI accept nahi karta,Mess/Food,High,More than a month,20+,synthetic
There is no formal grievance cell that students can approach with issues. No transparency about what happens to complaints once raised.,Other,Medium,More than a month,2 to 5,synthetic
washroom lock toot gaya hai,Infrastructure,High,More than a month,20+,synthetic
There is no ac in vit library due to which it feels irritated while studying ,Technical Issues,High,More than a month,20+,real
Outside the college campus the road is very uneven and not safe. Students walking from the gate to bus stop are at risk especially after dark.,Infrastructure,Low,From Last Month,5 to 20,synthetic
Lectures and practicals are ineffective ,Academics,High,More than a month,20+,real
"The robotics minor course is a complete joke. They said we'll learn robotics but we haven't touched a single hardware component. Just MATLAB on a laptop. No Arduino, no sensors, no robots. Meanwhile they still want 75% attendance. Why should I attend classes that teach me nothing practical? IIT students do actual robotics. Here we are just watching videos and submitting reports. If you can't provide proper resources, don't offer the course. It's misleading.",Academics,High,More than a month,20+,synthetic
Food mein milawat ka doubt hota hai sometimes. Quality itni poor hai ki taste genuinely suspicious lagta hai. Health check-ups karo mess ke food ka.,Mess/Food,Medium,More than a month,5 to 20,synthetic
Poor food quality resulting to frequent stomach related health concerns,Mess/Food,High,More than a month,2 to 5,real
lab PC login nahi ho raha,Technical Issues,Medium,More than a month,2 to 5,synthetic
outside college area littered,Cleanliness,Medium,More than a month,5 to 20,synthetic
"The Food In Mess Is Blunt, Tasteless 
It Can Definitely be Improved Also Sitting Capacity Really Needs To Be Increased As Students Needs To Wait So Long That Eventually The Appear Late In There Lectures Which Are After The Lunch. Also Waiting Causes So Much Inconvenience To The students ",Mess/Food,High,More than a month,20+,real
SGPA mein ISA ka weightage itna zyada hai ki ek bemar student ka poora semester kharab ho jata hai. No flexibility for genuine cases.,Academics,High,More than a month,20+,synthetic
professor threatens attendance kaatne ki,Ragging,High,From Last Month,2 to 5,synthetic
"The WiFi situation in this college is honestly embarrassing. It barely works inside the building, and when it does, the speed is so slow that a simple Google search takes forever. The login system is a nightmare  half the time the login page doesn't even load, and when it does, you get disconnected every few minutes. How are students supposed to do research, complete online assignments, or access learning resources? In 2026, a college that can't provide decent internet is a serious problem. Please invest in proper networking infrastructure.",Technical Issues,High,More than a month,20+,synthetic
"The building infrastructure of this college is quite poor for the fees we pay. Broken benches, non-functional lights in corridors, leaking roofs during rain, broken washroom doors  these are basic things that should be maintained regularly. In one of our classrooms, two of the three ceiling fans don't work. In Mumbai heat, sitting in a hot classroom with one fan for 60 students is unbearable. Please allocate budget for proper maintenance. Students deserve a functional learning environment.",Infrastructure,High,More than a month,20+,synthetic
professor ne class mein humiliate kiya,Ragging,High,More than a month,Only me,synthetic
The college notice boards are broken and papers fall off constantly. Small thing but makes the whole environment look neglected.,Infrastructure,High,More than a month,20+,synthetic
Canteen ki seating capacity MUST be increased. 200+ students aate hai ek saath lunch pe aur baith ne ki jagah 50 logon ke liye hai. Simple math problem.,Mess/Food,High,More than a month,20+,synthetic
Dustbins on campus are overflowing since morning. No one empties them. By afternoon the garbage is spilling onto the floor. Please increase cleaning frequency.,Cleanliness,Medium,More than a month,20+,synthetic
The college notice boards are broken and papers fall off constantly. Small thing but makes the whole environment look neglected.,Infrastructure,High,More than a month,20+,synthetic
paneer watery hai,Mess/Food,Medium,More than a month,5 to 20,synthetic
college mein transport nahi hai,Other,Low,More than a month,Only me,synthetic
parking nahi hai proper,Infrastructure,High,More than a month,5 to 20,synthetic
"ISA marks affect karte hai SGPA ko, this is unfair",Academics,Low,More than a month,20+,synthetic
language barrier hai lectures mein,Other,Medium,More than a month,20+,synthetic
Corridor near the labs smells musty  probably from water leakage and no ventilation. Proper exhaust fans or cleaning needed.,Cleanliness,Medium,More than a month,20+,synthetic
"I've been drinking from the water dispenser in A block for months and recently realized the taste has been off for a while  slightly metallic and stale. I think the dispenser hasn't been cleaned or serviced in a long time. We don't have any other water source during college hours. If the water quality is bad, students could get sick. Please get the water tested from a lab and service all dispensers on campus at least once a month. This is a basic health necessity.",Other,Medium,More than a month,Only me,synthetic
"Rugved Deolekar Sir unnecessarily bullying on a nominal issue of Id card . Its ok u are advising us to wear ids but instead of advising he bullies students talking disrespectfully to students and specially girls . This can lead to further disturbance and verbal argument outside the college also, if he maintains  his rude tone and bullying. ",Ragging,High,From Last Month,2 to 5,real
The pressure of maintaining 75% attendance while also doing internships and projects is impossible to balance. College needs to modernize its policies.,Academics,High,More than a month,20+,synthetic
College events are held on weekdays during college hours  this disturbs regular lectures and students suffer. Schedule events on weekends or free periods.,Other,Low,More than a month,2 to 5,synthetic
Not focusing on students improvement but torturing students for attendance ,Academics,High,More than a month,5 to 20,real
lab bench dirty rehte hai,Cleanliness,Medium,More than a month,5 to 20,synthetic
professor ne class mein humiliate kiya,Ragging,High,From Last Month,20+,synthetic
"MONDAY TESTS HINDER OUR SELF STUDY, THUS WE DON'T HAVE REAL WORLD SKILLS, THAT'S WHY YOUR PLACEMENT RECORD SUCKS!! THIS ISN'T SCHOOL. 

Also, which engineering college aks students to come for the last few semesters? It's like you are doing everything so the students don't get placed. Shame on you. ",Academics,High,More than a month,5 to 20,real
queue bahut lamba hai,Mess/Food,High,More than a month,20+,synthetic
"After rains, puddles form in campus walkways and become breeding grounds for mosquitoes. Proper drainage maintenance is needed.",Cleanliness,High,From last week,20+,synthetic
College WiFi ka login system is very buggy. Aadhe time login page hi nahi aata. Aur agar aa gaya toh disconnect ho jata hai 5 minutes mein.,Technical Issues,High,From Last Month,5 to 20,synthetic
"Monday test ki wajah se sunday ko koi plan nahi bana sakte. Family time, rest, self-study  sab suffer karta hai. Yeh weekly test culture band honi chahiye.",Academics,Medium,More than a month,20+,synthetic
Monday tests again  ,Academics,Low,More than a month,20+,synthetic
Area is not safe or clean outside ,Infrastructure,High,More than a month,5 to 20,real
"Yaar canteen ki situation bohot buri hai. Lunch time pe aisa lag ta hai jaise train station hai  itni bheed. Queue mein 20-25 minute khade raho, phir food milta hai toh seating nahi milti. End mein standing hokar khao aur next lecture ke liye bhaago. Aur M-block canteen mein UPI nahi chalta so we have to carry cash. Who carries cash in 2026? Please fix both problems  seating and payment system.",Mess/Food,Medium,More than a month,20+,synthetic
"College events run way over time without warning. If event says 6pm end, it runs till 9pm. Students miss buses and trains because of this.",Other,Medium,From last week,2 to 5,synthetic
"Our professor doesn't allow students to leave class even during emergencies. When a student requested washroom break urgently, he refused. This is inhumane.",Ragging,High,From last week,Only me,synthetic
The projector in our classroom has been broken for 2 weeks. Professor is teaching on whiteboard only which is very difficult to see from back benches.,Technical Issues,High,From Last Month,Only me,synthetic
faculty ne publicly insult kiya,Ragging,High,More than a month,2 to 5,synthetic
paneer watery hai,Mess/Food,High,More than a month,20+,synthetic
Lab M312 mein half the computers kaam nahi karte. Either they don't boot or the login fails. How are we supposed to complete practicals?,Technical Issues,High,From Last Month,Only me,synthetic
"I am currently in 3rd year doing computer engineering, Despite being top performers in academics I am failing to get an internship. What I felt there is a gap in what we study in clg and what industries requires. I feel clg should teach or make us skill perfect to any one domain or give the roadmap with constant mentoring. I feel this will help us to get the industrial knowledge",Academics,High,More than a month,5 to 20,real
Computer lab booking system is manual  we have to physically go and check availability. An online booking system would save so much time.,Technical Issues,Medium,Today,20+,synthetic
software license expired hai,Technical Issues,Medium,From Last Month,2 to 5,synthetic
toilet flush kaam nahi karta,Cleanliness,High,From Last Month,5 to 20,synthetic
iMac lab mein students ko access nahi diya jaata. Itna expensive hardware has dust on it. What's the point of buying it if students can't use it?,Technical Issues,High,More than a month,5 to 20,synthetic
Does not train students for internships or placements ,Academics,High,More than a month,20+,real
During peak hours the canteen staff rushes through serving food. Half the time portion is less than usual. Consistency chahiye.,Mess/Food,Medium,More than a month,5 to 20,synthetic
dustbin nahi hai labs mein,Infrastructure,High,More than a month,20+,synthetic
"niggas need to flush the toilet, taking big load of shit and just left like that , hell naww this nigggas be shitting multiple colours thats disgusting dawg , my niggas this college mannnn and it needs to clean 🪥🫧, i am telling when i see this whoever bitches shit like that , i ain't gonna lie but reminds me of '50 shades of grey ' but its the fucking 50 shades of shit ",Cleanliness,High,From Last Month,20+,real
OHU students ke liye mess ka khana affordable hona chahiye. 60-70 rupaye per meal is too much for what they serve. Quality and price dono match nahi karte.,Mess/Food,Medium,More than a month,5 to 20,synthetic
"Library mein AC nahi hai since months. Garmi mein padhai karna impossible ho gaya hai. Books hai, seats hai, but AC nahi  kya fayda?",Technical Issues,High,From Last Month,20+,synthetic
"The parking area is completely unorganized. No designated spots, vehicles parked randomly  it creates traffic jams every morning and evening.",Infrastructure,Medium,More than a month,5 to 20,synthetic
Lights in the corridor of C block are not working since last month. Evenings mein corridor dark ho jata hai  safety concern hai.,Infrastructure,Medium,From Last Month,20+,synthetic
The smell from the washroom near the stationery area is coming into the corridor. It's very unpleasant and students avoid that area. Deep cleaning is needed.,Cleanliness,Low,More than a month,20+,synthetic
wifi nahi chal raha,Technical Issues,Low,More than a month,5 to 20,synthetic
Sir gives extra marks to students who are on his good side regardless of answer quality. This partiality demotivates genuinely hardworking students.,Ragging,High,More than a month,Only me,synthetic
Broken benches and chairs in classroom 304. Some students have to sit on half-broken chairs for 6 hours. Basic comfort should be provided.,Infrastructure,High,From last week,20+,synthetic
dustbin full ho gaye hai,Cleanliness,Low,Today,5 to 20,synthetic
seniors scare first year students,Ragging,High,From Last Month,Only me,synthetic
"The condition of girls' washrooms across all blocks is extremely poor. Door locks are broken in most stalls. We either have to wait for the one working stall or ask someone to hold the door from outside  which is embarrassing and time-consuming. During break time, there's a huge queue for just one functional washroom. Additionally, there's no proper liquid soap dispenser  just a random sprite bottle with a hole. This is a basic hygiene necessity. Please get the locks repaired and install proper dispensers urgently.",Infrastructure,Medium,From Last Month,Only me,synthetic
Girls common room mein AC nahi hai. Boys ke liye facilities hai but girls ke liye basic comfort nahi. Unfair treatment.,Infrastructure,Low,More than a month,20+,synthetic
no mental health support in college,Other,Low,More than a month,5 to 20,synthetic
"Ek faculty member ka behavior students ke saath bahut hi bura hai. Woh class mein questions puchte hai aur agar galat jawab aaya toh loudly mock karte hai  poori class ke saamne. Ek baar ek student ne ek concept pe doubt pucha toh unhone kaha 'itna bhi nahi pata, kya kar rahe ho yahan?' This is deeply demoralizing. Students ki confidence totally shatter ho gayi hai. Aise professor ke saath class attend karna mental torture hai. Please talk to this faculty member and make them understand professional conduct.",Ragging,High,More than a month,Only me,synthetic
The projector in our classroom has been broken for 2 weeks. Professor is teaching on whiteboard only which is very difficult to see from back benches.,Technical Issues,High,Today,5 to 20,synthetic
Light bulbs in some classrooms are of very low wattage  it's dim and strains the eyes during reading. Upgrade to proper bright lighting.,Infrastructure,Low,From last week,5 to 20,synthetic
College notices are never communicated properly. Important deadlines come and go without most students knowing. Use email or a proper notice board system.,Other,High,From last week,5 to 20,synthetic
The mess doesn't cater well to students with dietary restrictions. No proper vegetarian options beyond the standard menu. Some variety please.,Mess/Food,High,More than a month,5 to 20,synthetic
lab mein computers freeze ho rahe hai,Technical Issues,High,More than a month,20+,synthetic
faraway students ke liye koi support nahi,Other,High,More than a month,2 to 5,synthetic
senior ne intimidate kiya,Ragging,High,From last week,20+,synthetic
"After college events, the venue is never cleaned properly. Next day students find leftover food, plastic, and mess everywhere.",Cleanliness,High,From Last Month,5 to 20,synthetic
printer out of order hai,Technical Issues,Low,More than a month,5 to 20,synthetic
"During rains, water leaks into D block library area. Books and bags get wet. The building maintenance is clearly not done properly.",Infrastructure,High,More than a month,2 to 5,synthetic
The ISA marks are directly affecting our SGPA. Ek test mein kuch galat hua toh poora semester kharab. This system needs to change.,Academics,High,More than a month,20+,synthetic
prof nahi aata phir bhi attendance chahiye,Academics,High,From last week,20+,synthetic
"College WhatsApp groups are full of spam  promotional messages, surveys, irrelevant forwards. It's so hard to find important messages in all this noise.",Other,Low,More than a month,2 to 5,synthetic
Sir gives extra marks to students who are on his good side regardless of answer quality. This partiality demotivates genuinely hardworking students.,Ragging,High,From last week,2 to 5,synthetic
"Classroom floors are swept but not mopped. Sticky floors, stains, and marks everywhere. Proper floor cleaning with disinfectant is required.",Cleanliness,High,More than a month,20+,synthetic
"Yaar monday ko test hota hai toh sunday ko self study nahi ho pata. Ek din bhi rest nahi milta. Please isko band karo, students ko breathe karne do.",Academics,High,More than a month,20+,synthetic
Mess food,Mess/Food,High,More than a month,20+,real
Monday test,Academics,Medium,From Last Month,5 to 20,synthetic
"Sir ne attendance ke naam pe bohot threatening language use ki. Said he'll fail us if we don't comply. This is mental harassment, not discipline.",Ragging,High,More than a month,Only me,synthetic
canopy leaks during rains,Infrastructure,High,From Last Month,20+,synthetic
senior ne intimidate kiya,Ragging,High,From Last Month,20+,synthetic
"Sir ne front bench pe baithe students ko bola ki 'back bench pe jaao, aap log toh waise bhi kuch nahi karoge.' This is demoralizing and unprofessional.",Ragging,High,From Last Month,2 to 5,synthetic
There's no liquid soap or hand wash in any of the washrooms. Just a random bottle with a hole in the cap. Basic hygiene facility provide karo please.,Infrastructure,High,From last week,5 to 20,synthetic
college bus facility nahi hai,Other,High,More than a month,2 to 5,synthetic
"I want to formally complain about the quality of food being served in the college mess. The food is regularly tasteless, poorly cooked, and sometimes even smells off. The gravy dishes are extremely watery. The chapatis are so thin they fall apart. The price has increased but quality has only gone down. Many students including myself have faced stomach issues after eating from the mess. This is a serious health concern and needs immediate attention from the college administration.",Mess/Food,Low,More than a month,20+,synthetic
Unclean water purifiers and toilets,Cleanliness,Medium,More than a month,20+,real
Mid semester examination ,Academics,High,More than a month,20+,real
Isa comprising of attendance ,Academics,High,More than a month,20+,real
"ISA marks affect karte hai SGPA ko, this is unfair",Academics,High,From Last Month,20+,synthetic
food mein oil bahut zyada hai,Mess/Food,High,More than a month,2 to 5,synthetic
"Food quality in the mess is honestly below average. Paneer ki gravy watery hai, sabji mein koi taste nahi, aur roz wahi same menu. Variety laao please.",Mess/Food,Medium,More than a month,5 to 20,synthetic
"Lost and found system doesn't exist in this college. If something is lost, no official way to report or recover it.",Other,Low,More than a month,20+,synthetic
Libraries AC is not working ,Technical Issues,Medium,More than a month,5 to 20,real
Unavailability of AC in library,Technical Issues,High,More than a month,Only me,real
faraway students ke liye koi support nahi,Other,Medium,More than a month,Only me,synthetic
"Professor takes attendance and then leaves after 10 minutes. But if students do the same, they lose marks. Double standard bahut frustrating hai.",Ragging,High,More than a month,2 to 5,synthetic
OHU students ke liye food affordable nahi,Mess/Food,High,More than a month,Only me,synthetic
"A faculty member shouts at students who ask doubts. Because of this, students are afraid to ask questions in class. Terrible teaching environment.",Ragging,High,From Last Month,Only me,synthetic
building mein water leakage hai,Infrastructure,Medium,More than a month,20+,synthetic
The college app crashes frequently and has a very outdated UI. Assignment submissions through the app often fail. Please update or replace it.,Other,High,More than a month,5 to 20,synthetic
During MSE exams submission portal crashed and many students couldn't upload on time. Who takes responsibility for technical failure?,Technical Issues,High,From Last Month,20+,synthetic
College mein cleaning ki responsibility sirf cleaning staff pe hai  but no quality check by administration. Accountability system banao.,Cleanliness,High,More than a month,5 to 20,synthetic
The canteen closes early sometimes without any notice. Students who have labs till late have no food option. Timing extend karo.,Mess/Food,Medium,More than a month,20+,synthetic
Hostel corridor cleaning happens only on weekends. 5 days mein corridor itna ganda ho jaata hai ki walk karna uncomfortable ho jata hai.,Cleanliness,Medium,From Last Month,5 to 20,synthetic
College mein cleaning ki responsibility sirf cleaning staff pe hai  but no quality check by administration. Accountability system banao.,Cleanliness,Low,More than a month,5 to 20,synthetic
cgpa pe bohot pressure hai,Academics,Medium,More than a month,20+,synthetic
"Classroom floors are swept but not mopped. Sticky floors, stains, and marks everywhere. Proper floor cleaning with disinfectant is required.",Cleanliness,Medium,More than a month,20+,synthetic
Hostel block mein geyser kaam nahi karta C wing mein. Cold water se nahaana in winter is not okay. Fix karo please.,Infrastructure,Medium,More than a month,20+,synthetic
"Sir ne attendance ke naam pe bohot threatening language use ki. Said he'll fail us if we don't comply. This is mental harassment, not discipline.",Ragging,High,More than a month,2 to 5,synthetic
Professor ne exam mein caught cheating ke naam pe ek student ko itna humiliate kiya ki woh rona shuru ho gayi. Stern action is understandable but public humiliation is not.,Ragging,High,From last week,2 to 5,synthetic
Monday tests again  ,Academics,Medium,Today,2 to 5,synthetic
Monday test ,Academics,High,More than a month,20+,real
Some people  constantly spams publicity a survey msg which distracts other people from reading important messages 🤧🤧,Other,Medium,Today,2 to 5,real
"During rains, water leaks into D block library area. Books and bags get wet. The building maintenance is clearly not done properly.",Infrastructure,High,More than a month,5 to 20,synthetic
Classroom smart boards are rarely functional. Teachers end up using chalk boards which defeats the purpose of having smart technology.,Technical Issues,Medium,From Last Month,20+,synthetic
WiFi signal doesn't reach hostel blocks properly. Students who stay in hostel have no reliable internet for evening studies.,Technical Issues,High,More than a month,5 to 20,synthetic
"Students from North India, South India and other regions face social isolation because of language and cultural barriers. No integration programs.",Other,Medium,From Last Month,20+,synthetic
"PC mein virus hai shayad, too slow",Technical Issues,High,More than a month,5 to 20,synthetic
"Vending machine near the canteen has been out of order for 3 weeks now. After 5pm when canteen closes, students have no food/snack option. Please fix it.",Other,Medium,More than a month,20+,synthetic
The mess doesn't cater well to students with dietary restrictions. No proper vegetarian options beyond the standard menu. Some variety please.,Mess/Food,Medium,More than a month,20+,synthetic
The cleaning staff doesn't clean under benches in the canteen. Food particles accumulate there attracting cockroaches and ants.,Cleanliness,Medium,More than a month,20+,synthetic
"Professor takes attendance and then leaves after 10 minutes. But if students do the same, they lose marks. Double standard bahut frustrating hai.",Ragging,High,From Last Month,2 to 5,synthetic
"Lectures timings are too hectic 
9 to 5 45 ",Academics,High,More than a month,5 to 20,real
sir class mein sarcasm karta hai unnecessarily,Ragging,High,From Last Month,2 to 5,synthetic
iMac lab mein students ko access nahi diya jaata. Itna expensive hardware has dust on it. What's the point of buying it if students can't use it?,Technical Issues,Low,More than a month,2 to 5,synthetic
"As an OHU STUDENT
Papad kaa shortage yawrrrr com'onnn
Low quality food
Bad taste
Looks like alot of milawat
Chapati is too thin
Misal pav's pav is not good quality
Monday ko jo gravy thii, it was stinky chawli ki sabji mee 
",Mess/Food,High,From Last Month,Only me,real
Monday test,Academics,Medium,More than a month,20+,real
"Rugved Deolekar sir ne sirf ID card nahi hone pe itna bura behave kiya. Loudly scolded in front of everyone, used rude language. That is not how you speak to students.",Ragging,High,More than a month,Only me,synthetic
"The mess management really needs to step up. Food quality has been consistently bad for over a month now. No nutrition, excess oil, same boring menu every day. For students who stay far and depend entirely on college food, this is a serious problem. We're paying full fees for this college  the least they can do is provide edible food. The seating arrangement is also pathetic. During lunch break it feels like a fish market. Please take this seriously.",Mess/Food,High,More than a month,20+,synthetic
"The parking area is completely unorganized. No designated spots, vehicles parked randomly  it creates traffic jams every morning and evening.",Infrastructure,Medium,More than a month,20+,synthetic
Language problem serious hai clg mein. Maharashtra ke bahar ke students ke liye Marathi medium faculty ek big barrier hai. Kuch professors poori class Marathi mein lete hai aur sirf end mein ek line English mein bolta hai. Non-Marathi students completely lost rehte hai throughout the lecture. Teaching medium English ya Hindi hona chahiye as per university guidelines. Please enforce this properly.,Other,Medium,From Last Month,20+,synthetic
D block washroom ka floor drainage system kharab hai. Paani floor pe ruk jaata hai aur slippery ho jaata hai. Ek student phisal bhi chuki hai wahan se. Yeh ek accident ka intezaar hai. Flush bhi properly nahi kaam karta. Soap nahi hai. Overall washroom condition bahut unhygienic hai. Please send maintenance team to D block washrooms on priority. This is a safety and hygiene emergency.,Infrastructure,Medium,More than a month,5 to 20,synthetic
"Professors woh hai jo sirf class mein aate hai aur ek cheez bata ke chale jate hai. Check karo ki students ne samjha ki nahi? Nahi. Assignment diya, checked kiya? Nahi. Phir exam mein result kharab aaya toh students ki galti. Teachers ka koi accountability nahi hai is college mein. Aur attendance? Unki toh zero accountability hai but hamari 75% maangi jaati hai. This is completely unfair.",Academics,High,More than a month,Only me,synthetic
The college notice boards are broken and papers fall off constantly. Small thing but makes the whole environment look neglected.,Infrastructure,Low,More than a month,20+,synthetic
projector nahi chal raha lab mein,Technical Issues,Medium,From last week,5 to 20,synthetic
sir ne personal comment kiya,Ragging,Low,More than a month,20+,synthetic
College events are held on weekdays during college hours  this disturbs regular lectures and students suffer. Schedule events on weekends or free periods.,Other,Low,More than a month,20+,synthetic
60 rupaye mein jo milta hai woh 30 rupaye ka bhi nahi lagta. Price kam karo ya quality improve karo. Dono sath nahi chal sakta aise.,Mess/Food,High,From last week,20+,synthetic
Canteen mein kabhi kabhi food cover nahi hota  flies around kar rahi hai aur staff ko koi difference nahi padta. Health hazard hai yeh.,Mess/Food,High,More than a month,5 to 20,synthetic
"Vending machine accepts only exact change  no change given back, no card/UPI. This is 2026, please upgrade the machine.",Other,Low,More than a month,2 to 5,synthetic
"The condition of girls' washrooms across all blocks is extremely poor. Door locks are broken in most stalls. We either have to wait for the one working stall or ask someone to hold the door from outside  which is embarrassing and time-consuming. During break time, there's a huge queue for just one functional washroom. Additionally, there's no proper liquid soap dispenser  just a random sprite bottle with a hole. This is a basic hygiene necessity. Please get the locks repaired and install proper dispensers urgently.",Infrastructure,High,More than a month,20+,synthetic
broken benches in classroom,Infrastructure,Medium,More than a month,5 to 20,synthetic
syllabus outdated hai bhai,Academics,High,More than a month,5 to 20,synthetic
A student was asked by senior to share their assignment for 'reference' and was threatened that they'd be made uncomfortable otherwise. Clear coercion.,Ragging,Medium,From last week,2 to 5,synthetic
The college network blocks many websites including some coding platforms which we need for assignments. Please whitelist educational sites.,Technical Issues,Medium,More than a month,20+,synthetic
net bahut slow hai,Technical Issues,High,More than a month,20+,synthetic
"During rains, water leaks into D block library area. Books and bags get wet. The building maintenance is clearly not done properly.",Infrastructure,Low,From Last Month,20+,synthetic
food mein oil bahut zyada hai,Mess/Food,Medium,From Last Month,2 to 5,synthetic
College events are held on weekdays during college hours  this disturbs regular lectures and students suffer. Schedule events on weekends or free periods.,Other,Medium,From last week,5 to 20,synthetic
A faculty member consistently ignores questions from certain students while responding to others. Clear bias and discrimination visible in classroom.,Ragging,High,From last week,20+,synthetic
Canteen ki seating capacity MUST be increased. 200+ students aate hai ek saath lunch pe aur baith ne ki jagah 50 logon ke liye hai. Simple math problem.,Mess/Food,High,More than a month,2 to 5,synthetic
"I've been attending college for 3 years now and honestly the experience has been disappointing. The syllabus is outdated, professors lack real-world knowledge, placements are terrible, and the constant pressure of attendance and monday tests leaves no time for self-improvement. I tried to learn coding on the side, but after college hours I'm too exhausted from pointless tasks. The college needs a complete overhaul of its academic system. We are paying lakhs of rupees for this education and deserve better.",Academics,High,More than a month,20+,synthetic
classroom windows broken hain,Infrastructure,High,More than a month,20+,synthetic
"Monday tests are making students lack behind in their day to day task , and not helping them to progress further ",Academics,High,More than a month,20+,real
"No proper first aid room or medical facility on campus. If a student falls ill or gets injured, there's no immediate help available.",Other,High,Today,5 to 20,synthetic
As an OHU student I totally depend on the college mess for my meals. The quality of food here is genuinely terrible. Chapati is so thin it tears when you try to pick it up. Dal has no taste  it's literally just hot water with a hint of yellow color. The paneer gravy is oily and watery at the same time somehow. And they charge 60 rupees for this! My mom makes better food at home in 10 rupees. Please either improve the food quality or reduce the price. Students cannot study properly if they're not eating well.,Mess/Food,Medium,More than a month,20+,synthetic
lab systems too old to run modern software,Technical Issues,High,More than a month,5 to 20,synthetic
"Clg mein skills develop karne ka koi platform nahi diya gaya. No hackathons, no workshops, no industry visits. Bas books aur tests.",Academics,High,More than a month,5 to 20,synthetic
Senior students spread rumors about juniors who report issues. This creates fear and prevents genuine complaints from being raised. Strict confidentiality needed.,Ragging,High,From Last Month,5 to 20,synthetic
"attendance se graduation rok dete hai, ridiculous",Academics,High,More than a month,20+,synthetic
"Being honest here  the monday MSC tests are absolutely pointless. We are engineering students, not school kids. Every monday we have to mug up something, write a test, and the marks go into our ISA which affects SGPA. This creates unnecessary anxiety and leaves no weekend for actual learning. Companies hire for skills, not for monday test marks. Please scrap this system or at least make it optional. Our mental health matters too.",Academics,Low,From Last Month,20+,synthetic
Professor ne exam mein caught cheating ke naam pe ek student ko itna humiliate kiya ki woh rona shuru ho gayi. Stern action is understandable but public humiliation is not.,Ragging,High,More than a month,20+,synthetic
college portal down hai,Technical Issues,High,More than a month,5 to 20,synthetic
In labs there are many issues of socket students use pen to put their chargers ,Infrastructure,Low,More than a month,20+,real
Some professors teach entirely in Marathi. Students from other states or non-Marathi backgrounds cannot follow anything. English ya Hindi mein padhaana chahiye.,Other,High,Today,20+,synthetic
A group of seniors block certain spots in the canteen and juniors are afraid to sit there. This kind of territorial behavior is a form of ragging.,Ragging,High,More than a month,2 to 5,synthetic
corridor mein smell aata hai,Cleanliness,High,More than a month,20+,synthetic
language barrier hai lectures mein,Other,Medium,More than a month,20+,synthetic
WiFi signal doesn't reach hostel blocks properly. Students who stay in hostel have no reliable internet for evening studies.,Technical Issues,Medium,Today,20+,synthetic
100% attendance compulsory kyu hai yaar,Academics,High,From Last Month,5 to 20,synthetic
The projector in our classroom has been broken for 2 weeks. Professor is teaching on whiteboard only which is very difficult to see from back benches.,Technical Issues,High,More than a month,5 to 20,synthetic
"Lost and found system doesn't exist in this college. If something is lost, no official way to report or recover it.",Other,High,From last week,Only me,synthetic
Hostel block mein geyser kaam nahi karta C wing mein. Cold water se nahaana in winter is not okay. Fix karo please.,Infrastructure,Low,More than a month,20+,synthetic
classroom ka AC band hai,Technical Issues,High,More than a month,Only me,synthetic
Water leakage in washroom has created mold on walls. Black patches visible. This is a health hazard  mold causes respiratory problems.,Cleanliness,Low,More than a month,20+,synthetic
The canteen closes early sometimes without any notice. Students who have labs till late have no food option. Timing extend karo.,Mess/Food,High,More than a month,20+,synthetic
broken benches in classroom,Infrastructure,Medium,More than a month,5 to 20,synthetic
The smell from the washroom near the stationery area is coming into the corridor. It's very unpleasant and students avoid that area. Deep cleaning is needed.,Cleanliness,Medium,More than a month,20+,synthetic
college events paise waste karte hai,Other,High,More than a month,Only me,synthetic
"The washrooms in this college are in a terrible condition. All the toilet stalls in girls washroom of D block have broken flush handles  you have to manually pour water or just leave it. The floor is perpetually wet creating a slipping hazard. There are no soap dispensers. The cleaning is done only once in the morning, after which the condition deteriorates rapidly through the day. By afternoon it's genuinely unbearable. This is a health and hygiene issue that directly affects girl students every single day. Please set up a proper cleaning schedule and maintenance team.",Cleanliness,Medium,More than a month,2 to 5,synthetic
"Printer in the department is always jammed or out of paper. Every time we go to print something important, it's never working.",Technical Issues,High,From Last Month,20+,synthetic
washroom mein soap nahi hai,Cleanliness,High,More than a month,20+,synthetic
Lack of internet in college pc,Technical Issues,Medium,From Last Month,2 to 5,real
projector nahi chal raha lab mein,Technical Issues,High,More than a month,5 to 20,synthetic
"Canteen staff is rude when you ask for extra roti or point out something wrong with the food. We are customers, treat us with respect.",Mess/Food,High,More than a month,20+,synthetic
"No proper induction program for first year students. They are lost for the first month with no guidance on processes, facilities, or expectations.",Other,High,From Last Month,2 to 5,synthetic
sir ne gaali di class mein,Ragging,High,More than a month,2 to 5,synthetic
"The robotics minor course is a complete joke. They said we'll learn robotics but we haven't touched a single hardware component. Just MATLAB on a laptop. No Arduino, no sensors, no robots. Meanwhile they still want 75% attendance. Why should I attend classes that teach me nothing practical? IIT students do actual robotics. Here we are just watching videos and submitting reports. If you can't provide proper resources, don't offer the course. It's misleading.",Academics,High,More than a month,2 to 5,synthetic
outside college area littered,Cleanliness,High,More than a month,2 to 5,synthetic
Professor ek student ka assignment baar baar reject karta hai bina proper reason ke aur publicly embarrass karta hai. Targeted harassment lag raha hai.,Ragging,High,From Last Month,2 to 5,synthetic
Professor ek particular student group ke saath bias rakhta hai  favorites ko marks deta hai aur baaki ko unfairly treats karta hai. This is discrimination.,Ragging,High,From Last Month,2 to 5,synthetic
The practical lab sessions have no real experiments. We just copy from manual and submit. Where is the actual learning happening?,Academics,High,More than a month,20+,synthetic
No wheelchair accessibility ramps in older buildings. Students with mobility issues cannot access certain floors. This is a serious inclusion failure.,Infrastructure,High,More than a month,20+,synthetic
The college library doesn't have enough reference books for new elective subjects. We have to rely on internet which isn't always reliable.,Other,Medium,More than a month,20+,synthetic
Hostel block mein geyser kaam nahi karta C wing mein. Cold water se nahaana in winter is not okay. Fix karo please.,Infrastructure,High,More than a month,20+,synthetic
The canteen closes early sometimes without any notice. Students who have labs till late have no food option. Timing extend karo.,Mess/Food,High,More than a month,5 to 20,synthetic
lab systems too old to run modern software,Technical Issues,High,More than a month,20+,synthetic
"The parking area is completely unorganized. No designated spots, vehicles parked randomly  it creates traffic jams every morning and evening.",Infrastructure,High,More than a month,5 to 20,synthetic
food mein oil bahut zyada hai,Mess/Food,High,From Last Month,5 to 20,synthetic
"Professors woh hai jo sirf class mein aate hai aur ek cheez bata ke chale jate hai. Check karo ki students ne samjha ki nahi? Nahi. Assignment diya, checked kiya? Nahi. Phir exam mein result kharab aaya toh students ki galti. Teachers ka koi accountability nahi hai is college mein. Aur attendance? Unki toh zero accountability hai but hamari 75% maangi jaati hai. This is completely unfair.",Academics,High,More than a month,2 to 5,synthetic
Sir gives extra marks to students who are on his good side regardless of answer quality. This partiality demotivates genuinely hardworking students.,Ragging,Medium,From Last Month,Only me,synthetic
"College social media pages post irrelevant content. Important announcements should be made on official channels, not buried under event photos.",Other,High,From last week,20+,synthetic
"I want to formally complain about the quality of food being served in the college mess. The food is regularly tasteless, poorly cooked, and sometimes even smells off. The gravy dishes are extremely watery. The chapatis are so thin they fall apart. The price has increased but quality has only gone down. Many students including myself have faced stomach issues after eating from the mess. This is a serious health concern and needs immediate attention from the college administration.",Mess/Food,Medium,More than a month,20+,synthetic
The smell from the washroom near the stationery area is coming into the corridor. It's very unpleasant and students avoid that area. Deep cleaning is needed.,Cleanliness,Medium,From Last Month,20+,synthetic
faculty discriminates students,Ragging,High,From Last Month,Only me,synthetic
"College canteen menu has no options for students with dietary restrictions  no gluten-free, no jain food options mentioned anywhere.",Other,Medium,From Last Month,Only me,synthetic
classroom windows broken hain,Infrastructure,Medium,From Last Month,2 to 5,synthetic
"Vending machine accepts only exact change  no change given back, no card/UPI. This is 2026, please upgrade the machine.",Other,High,Today,2 to 5,synthetic
Food mein milawat ka doubt hota hai sometimes. Quality itni poor hai ki taste genuinely suspicious lagta hai. Health check-ups karo mess ke food ka.,Mess/Food,High,More than a month,20+,synthetic
food stale rehta hai,Mess/Food,High,More than a month,20+,synthetic
"During rains, water leaks into D block library area. Books and bags get wet. The building maintenance is clearly not done properly.",Infrastructure,High,More than a month,20+,synthetic
socket problem in labs,Infrastructure,Low,More than a month,5 to 20,synthetic
Poor internet,Technical Issues,Medium,Today,20+,real
M-block canteen doesn't accept UPI which is super inconvenient. We are college students  most of us don't carry cash. Please update your payment system bhai.,Mess/Food,Low,More than a month,20+,synthetic
"College social media pages post irrelevant content. Important announcements should be made on official channels, not buried under event photos.",Other,Medium,More than a month,5 to 20,synthetic
Classroom smart boards are rarely functional. Teachers end up using chalk boards which defeats the purpose of having smart technology.,Technical Issues,Low,Today,5 to 20,synthetic
"Lost and found system doesn't exist in this college. If something is lost, no official way to report or recover it.",Other,Medium,More than a month,2 to 5,synthetic
Improper management of queue in canteen,Mess/Food,High,More than a month,5 to 20,real
During MSE exams submission portal crashed and many students couldn't upload on time. Who takes responsibility for technical failure?,Technical Issues,Medium,From last week,5 to 20,synthetic
"The quality of the food and food service is not so good as compared to the price. Many students are ohu and some live in pg, also in college the food should be affordable and also the quality should be good",Mess/Food,Medium,More than a month,20+,real
sir ne gaali di class mein,Ragging,High,More than a month,Only me,synthetic
The canteen closes early sometimes without any notice. Students who have labs till late have no food option. Timing extend karo.,Mess/Food,High,From last week,2 to 5,synthetic
lab bench dirty rehte hai,Cleanliness,Low,More than a month,2 to 5,synthetic
outside college area littered,Cleanliness,High,More than a month,2 to 5,synthetic
library mein AC nahi hai,Technical Issues,High,More than a month,20+,synthetic
Computer lab booking system is manual  we have to physically go and check availability. An online booking system would save so much time.,Technical Issues,Medium,From last week,20+,synthetic
tiles pe stains hai washroom mein,Cleanliness,Low,From last week,20+,synthetic
wifi ka login system kharab hai,Technical Issues,High,From last week,Only me,synthetic
queue bahut lamba hai,Mess/Food,High,More than a month,20+,synthetic
no placements from this college,Academics,Medium,From Last Month,20+,synthetic
A student was asked by senior to share their assignment for 'reference' and was threatened that they'd be made uncomfortable otherwise. Clear coercion.,Ragging,Low,From Last Month,Only me,synthetic
Outside the college campus the road is very uneven and not safe. Students walking from the gate to bus stop are at risk especially after dark.,Infrastructure,High,More than a month,5 to 20,synthetic
"Library mein padhai karna ek torture ban gaya hai. Books hai, quiet environment hai, seats hai  sab kuch hai but AC nahi. Aur Mumbai ki garmi mein bina AC ke ek ghante se zyada baithna possible hi nahi. Maine khud dekha hai students paseene se bheege hue padh rahe hai. It's been months and nothing has been done. This is a basic facility. Please fix the AC in the library on priority.",Technical Issues,High,More than a month,5 to 20,synthetic
"attendance se graduation rok dete hai, ridiculous",Academics,High,More than a month,20+,synthetic
Light bulbs in some classrooms are of very low wattage  it's dim and strains the eyes during reading. Upgrade to proper bright lighting.,Infrastructure,High,More than a month,20+,synthetic
Honestly mess ka khana khake meri halat kharab ho gayi thi ek baar. Upset stomach for 2 days. College needs to ensure food hygiene standards are met.,Mess/Food,Low,From Last Month,Only me,synthetic
bahar ka area safe nahi hai,Infrastructure,Low,More than a month,5 to 20,synthetic
"Torturing students for attendance and assignments and mid semester examination having no use in future because attending lectures where professors themselves doesn't know what to teach makes no sense, doing assignments without knowing what teacher has taught, giving mid semester examination without knowing what's the syllabus!!! ",Academics,High,More than a month,20+,real
Water purifier near the canteen has greenish deposits inside  algae growth. We are drinking that water. Please clean and service it immediately.,Cleanliness,Medium,From Last Month,20+,synthetic
Misal pav ka pav stale rehta hai. Chawli ki sabji ka smell aata hai. Aur papad toh kabhi milta hi nahi. Is food worth 60 rupees? Absolutely not.,Mess/Food,High,From last week,20+,synthetic
"Printer in the department is always jammed or out of paper. Every time we go to print something important, it's never working.",Technical Issues,Medium,More than a month,20+,synthetic
202 AC is not working ,Technical Issues,High,From Last Month,2 to 5,real
parking nahi hai proper,Infrastructure,Medium,More than a month,2 to 5,synthetic
girls bathroom ka door lock kharab hai,Infrastructure,High,More than a month,20+,synthetic
Internet connection in D block labs is non-existent. We have to use our own mobile data for practicals. College should provide proper connectivity.,Technical Issues,Medium,From Last Month,Only me,synthetic
Dustbins on campus are overflowing since morning. No one empties them. By afternoon the garbage is spilling onto the floor. Please increase cleaning frequency.,Cleanliness,Medium,From Last Month,20+,synthetic
Student ID cards take 2+ months to be issued to new students. Many facilities require ID proof  students are stuck without it.,Other,High,From last week,20+,synthetic
"Menu mein variety laao. Roz wahi dal, sabji, chapati  bhai students kuch naya bhi khana chahte hai. Ek week mein variety rotate karo.",Mess/Food,Medium,More than a month,20+,synthetic
"Lab hygiene has been ignored for too long. Our computer lab tables have layers of dust. Keyboards are sticky. Mouse pads have unknown stains. We spend hours here daily and are breathing dusty air. Allergies and respiratory issues are common complaints among students in these labs. A proper cleaning schedule for labs  including wiping down systems, mopping floors, and dusting  should be implemented at least twice a week. This is a basic requirement.",Cleanliness,High,From Last Month,20+,synthetic
"College events run way over time without warning. If event says 6pm end, it runs till 9pm. Students miss buses and trains because of this.",Other,Medium,Today,5 to 20,synthetic
Language problem serious hai clg mein. Maharashtra ke bahar ke students ke liye Marathi medium faculty ek big barrier hai. Kuch professors poori class Marathi mein lete hai aur sirf end mein ek line English mein bolta hai. Non-Marathi students completely lost rehte hai throughout the lecture. Teaching medium English ya Hindi hona chahiye as per university guidelines. Please enforce this properly.,Other,Low,From Last Month,5 to 20,synthetic
"The college expects innovation in projects but doesn't give us time, tools, or mentorship to actually innovate. Contradiction at its finest.",Academics,High,More than a month,20+,synthetic
seating nahi milti lunch mein,Mess/Food,Low,More than a month,20+,synthetic
"Network speed during peak hours (10am-12pm) drops to almost nothing. Too many users, not enough bandwidth. Upgrade the network capacity.",Technical Issues,Medium,More than a month,5 to 20,synthetic
"There is absolutely no mental health support infrastructure in this college. Engineering students face immense pressure  academic, placement-related, personal. Many of my friends are struggling with anxiety and burnout. There's no counselor, no support group, no accessible helpline. In some western colleges this is a priority. Please hire at least one full-time counselor and set up a confidential support service. Students really need this.",Other,Medium,From Last Month,20+,synthetic
ID card pe sir ne bully kiya,Ragging,High,From last week,20+,synthetic
"There is absolutely no mental health support infrastructure in this college. Engineering students face immense pressure  academic, placement-related, personal. Many of my friends are struggling with anxiety and burnout. There's no counselor, no support group, no accessible helpline. In some western colleges this is a priority. Please hire at least one full-time counselor and set up a confidential support service. Students really need this.",Other,Low,More than a month,Only me,synthetic
The area behind the canteen is where all the garbage accumulates. It smells terrible and attracts insects. Proper waste disposal system chahiye.,Cleanliness,High,More than a month,2 to 5,synthetic
lab bench dirty rehte hai,Cleanliness,Low,More than a month,5 to 20,synthetic
"Regular attendance for assignment submission, sincerity is compared with attendance, they don't allow to work on our self to develop new skills and after all this they want some innovation in our project, it is difficult to manage both and I think this is the reason why the placement rate is decreasing day by day ",Academics,High,More than a month,Only me,real
college bus facility nahi hai,Other,Medium,More than a month,Only me,synthetic
Some professors don't know how to teach,Academics,Medium,More than a month,20+,real
no soap dispenser in washroom,Infrastructure,High,More than a month,2 to 5,synthetic
Senior students verbally abused juniors near the library and threatened them not to use certain chairs 'reserved' for seniors. This entitlement and intimidation needs to stop.,Ragging,High,More than a month,Only me,synthetic
"Monday ko jo sabji thi na  chawli ki  bhai uska smell itna bura tha ki side table waale bhi complain kar rahe the. Phir bhi serve kiya. Is this acceptable? We are paying for decent food, not leftover smelly vegetables. Papad shortage rehti hai, misal ka pav stale rehta hai, aur roz same 2-3 items milte hai. Canteen wale creative honge toh variety laao na. Students bored ho gaye hai same food se.",Mess/Food,Medium,More than a month,20+,synthetic
Ladies washroom doors are not functional as the door locks are defective. ,Infrastructure,High,From Last Month,Only me,real
Not focused on particular subjects.. focuses on random things without giving proper weightage to each and every subject. ,Academics,High,More than a month,20+,real
college mein transport nahi hai,Other,High,From Last Month,2 to 5,synthetic
language barrier hai lectures mein,Other,High,More than a month,Only me,synthetic
"The pc's in the lab m411 does not work, it does not allow me to login my id",Technical Issues,Medium,More than a month,20+,real
"The washrooms in this college are in a terrible condition. All the toilet stalls in girls washroom of D block have broken flush handles  you have to manually pour water or just leave it. The floor is perpetually wet creating a slipping hazard. There are no soap dispensers. The cleaning is done only once in the morning, after which the condition deteriorates rapidly through the day. By afternoon it's genuinely unbearable. This is a health and hygiene issue that directly affects girl students every single day. Please set up a proper cleaning schedule and maintenance team.",Cleanliness,Medium,More than a month,20+,synthetic
Washroom cleaning schedule follow nahi hoti. Subah clean hota hai aur dopahar tak ganda ho jaata hai. At least twice a day cleaning honi chahiye.,Cleanliness,High,More than a month,20+,synthetic
Staircase railing in B block is loose. It wobbles when you hold it. Safety hazard hai  koi gir sakta hai. Get it fixed before an accident happens.,Infrastructure,Medium,From last week,20+,synthetic
"No proper first aid room or medical facility on campus. If a student falls ill or gets injured, there's no immediate help available.",Other,High,More than a month,20+,synthetic
202 classroom ka AC 2 mahine se band hai. Summer mein bina AC ke ek hour bhi baithna mushkil hai. Please get it repaired already.,Technical Issues,High,More than a month,2 to 5,synthetic
"I am writing this complaint on behalf of many students who are concerned about the hygiene conditions in the college washrooms, particularly in blocks C and D. The washrooms are cleaned only once in the morning. By 11am they are in a deplorable condition  floors wet, flush not working, no soap, bad odor spreading to corridors. Students are forced to use unhygienic facilities multiple times a day. This increases risk of infections and skin diseases. The administration must hire adequate cleaning staff and ensure washrooms are cleaned at least 3 times daily.",Cleanliness,High,More than a month,5 to 20,synthetic
printer out of order hai,Technical Issues,High,From last week,20+,synthetic
The college app crashes frequently and has a very outdated UI. Assignment submissions through the app often fail. Please update or replace it.,Other,Medium,More than a month,20+,synthetic
During MSE exams submission portal crashed and many students couldn't upload on time. Who takes responsibility for technical failure?,Technical Issues,High,From last week,20+,synthetic
Poor quality & highly price food ,Mess/Food,High,More than a month,5 to 20,real
Professor ek student ka assignment baar baar reject karta hai bina proper reason ke aur publicly embarrass karta hai. Targeted harassment lag raha hai.,Ragging,High,More than a month,Only me,synthetic
"Network speed during peak hours (10am-12pm) drops to almost nothing. Too many users, not enough bandwidth. Upgrade the network capacity.",Technical Issues,High,Today,20+,synthetic
Not giving time for students to build skills,Academics,High,More than a month,5 to 20,real
"During monsoon, water enters the basement area where some labs are. Equipment gets damaged. Waterproofing should have been done long ago.",Infrastructure,High,More than a month,20+,synthetic
internet drops every 10 minutes,Technical Issues,Low,More than a month,20+,synthetic
Girls washroom doors do not have a lock/the locks are damaged . ,Infrastructure,High,More than a month,5 to 20,real
"Misal pav is the most popular item but the pav quality is always substandard. Stale, hard, sometimes has an off smell. Basic quality check karo.",Mess/Food,High,Today,20+,synthetic
classroom ka AC band hai,Technical Issues,High,More than a month,20+,synthetic
"College events run way over time without warning. If event says 6pm end, it runs till 9pm. Students miss buses and trains because of this.",Other,High,More than a month,Only me,synthetic
socket problem in labs,Infrastructure,High,More than a month,20+,synthetic
D block washroom ka floor drainage system kharab hai. Paani floor pe ruk jaata hai aur slippery ho jaata hai. Ek student phisal bhi chuki hai wahan se. Yeh ek accident ka intezaar hai. Flush bhi properly nahi kaam karta. Soap nahi hai. Overall washroom condition bahut unhygienic hai. Please send maintenance team to D block washrooms on priority. This is a safety and hygiene emergency.,Infrastructure,High,More than a month,20+,synthetic
No nutritional value in the food being served. Engineering students need proper fuel to study. You can't run on watery dal and thin chapati.,Mess/Food,High,More than a month,20+,synthetic
water ka taste acha nahi hai,Other,Medium,From Last Month,2 to 5,synthetic
outside college area littered,Cleanliness,Medium,From last week,20+,synthetic
senior ne intimidate kiya,Ragging,High,More than a month,Only me,synthetic
60 rupaye mein jo milta hai woh 30 rupaye ka bhi nahi lagta. Price kam karo ya quality improve karo. Dono sath nahi chal sakta aise.,Mess/Food,High,More than a month,Only me,synthetic
A senior student was verbally aggressive with 2-3 juniors in the parking lot. Threatened them and used intimidating language. This is ragging and should be taken seriously.,Ragging,High,More than a month,20+,synthetic
No bicycle parking area in college. Students who cycle to college have to leave them anywhere. Proper cycle stand should be provided.,Other,High,More than a month,Only me,synthetic
"After college events, the venue is never cleaned properly. Next day students find leftover food, plastic, and mess everywhere.",Cleanliness,High,More than a month,5 to 20,synthetic
The outdoor dustbins are open type  no lid. Wind blows garbage all over campus. Use closed lid dustbins please.,Cleanliness,High,More than a month,20+,synthetic
Lab mein benches pe dust ki layer hai. Computers bhi dusty hai. Clearly regular cleaning nahi hoti. Yeh equipment lifespan bhi reduce karta hai.,Cleanliness,High,More than a month,20+,synthetic
vending machine kaam nahi karti,Other,Medium,More than a month,5 to 20,synthetic
Senior students spread rumors about juniors who report issues. This creates fear and prevents genuine complaints from being raised. Strict confidentiality needed.,Ragging,High,More than a month,2 to 5,synthetic
faraway students ke liye koi support nahi,Other,Medium,From last week,2 to 5,synthetic
"The girls washroom of all the blocks especially d block are always dirty,the door knob of mostly all the stalls are broken ,the flush never works..so the washrooms of vit are in terrible condition and no one even cares to do anything about it.",Cleanliness,High,More than a month,5 to 20,real
Professor ne exam mein caught cheating ke naam pe ek student ko itna humiliate kiya ki woh rona shuru ho gayi. Stern action is understandable but public humiliation is not.,Ragging,High,More than a month,Only me,synthetic
"Paneer dishes are a disappointment every single time. Watery gravy, small pieces, and no flavor. For the price they charge, paneer should at least be decent.",Mess/Food,Medium,More than a month,20+,synthetic
Dustbins on campus are overflowing since morning. No one empties them. By afternoon the garbage is spilling onto the floor. Please increase cleaning frequency.,Cleanliness,Medium,From last week,20+,synthetic
paneer watery hai,Mess/Food,High,More than a month,20+,synthetic
Software required for our curriculum isn't installed on lab computers. We waste the first 30 minutes of every practical session installing tools.,Technical Issues,High,From Last Month,20+,synthetic
The seating capacity in the mess is way too small for the number of students. We end up eating standing or rushing back to class hungry.,Mess/Food,High,More than a month,2 to 5,synthetic
The outdoor dustbins are open type  no lid. Wind blows garbage all over campus. Use closed lid dustbins please.,Cleanliness,High,More than a month,20+,synthetic
"During monsoon, water enters the basement area where some labs are. Equipment gets damaged. Waterproofing should have been done long ago.",Infrastructure,High,More than a month,2 to 5,synthetic
The college notice boards are broken and papers fall off constantly. Small thing but makes the whole environment look neglected.,Infrastructure,High,From Last Month,20+,synthetic
"No proper induction program for first year students. They are lost for the first month with no guidance on processes, facilities, or expectations.",Other,Medium,More than a month,2 to 5,synthetic
Washroom tiles in boys block have not been scrubbed in a long time. Stains and deposits everywhere. Deep cleaning is overdue.,Cleanliness,Medium,More than a month,20+,synthetic
"Paneer dishes are a disappointment every single time. Watery gravy, small pieces, and no flavor. For the price they charge, paneer should at least be decent.",Mess/Food,High,More than a month,5 to 20,synthetic
ID card pe sir ne bully kiya,Ragging,High,From Last Month,Only me,synthetic
"Vending machine accepts only exact change  no change given back, no card/UPI. This is 2026, please upgrade the machine.",Other,High,More than a month,Only me,synthetic
college portal down hai,Technical Issues,Medium,From Last Month,20+,synthetic
"College canteen tables are rarely wiped after students leave. Leftover food, spills, and stains visible on tables. Basic table-cleaning nahi hoti kya?",Cleanliness,High,More than a month,20+,synthetic
A senior student was verbally aggressive with 2-3 juniors in the parking lot. Threatened them and used intimidating language. This is ragging and should be taken seriously.,Ragging,High,More than a month,Only me,synthetic
Professors who don't know the subject should not be teaching. Simple as that. Students deserve qualified and passionate teachers.,Academics,High,More than a month,2 to 5,synthetic
corridor mein smell aata hai,Cleanliness,High,More than a month,20+,synthetic
notice nahi milti properly,Other,High,From Last Month,Only me,synthetic
Professor ek particular student group ke saath bias rakhta hai  favorites ko marks deta hai aur baaki ko unfairly treats karta hai. This is discrimination.,Ragging,High,More than a month,5 to 20,synthetic
SGPA mein ISA ka weightage itna zyada hai ki ek bemar student ka poora semester kharab ho jata hai. No flexibility for genuine cases.,Academics,High,More than a month,20+,synthetic
"ISA marks affect karte hai SGPA ko, this is unfair",Academics,High,More than a month,2 to 5,synthetic
"During rains, water leaks into D block library area. Books and bags get wet. The building maintenance is clearly not done properly.",Infrastructure,High,More than a month,2 to 5,synthetic
events schedule clash karte hai studies se,Other,Low,More than a month,20+,synthetic
The ISA marks are directly affecting our SGPA. Ek test mein kuch galat hua toh poora semester kharab. This system needs to change.,Academics,High,More than a month,20+,synthetic
Cancel attendance factor ,Academics,High,More than a month,20+,real
Canteen ki seating capacity MUST be increased. 200+ students aate hai ek saath lunch pe aur baith ne ki jagah 50 logon ke liye hai. Simple math problem.,Mess/Food,High,More than a month,20+,synthetic
No dustbins inside lab rooms. Students have to walk to corridor to throw waste. Add dustbins inside labs please.,Infrastructure,High,More than a month,20+,synthetic
"There is absolutely no mental health support infrastructure in this college. Engineering students face immense pressure  academic, placement-related, personal. Many of my friends are struggling with anxiety and burnout. There's no counselor, no support group, no accessible helpline. In some western colleges this is a priority. Please hire at least one full-time counselor and set up a confidential support service. Students really need this.",Other,Low,From Last Month,20+,synthetic
"Food quality in the mess is honestly below average. Paneer ki gravy watery hai, sabji mein koi taste nahi, aur roz wahi same menu. Variety laao please.",Mess/Food,Medium,More than a month,20+,synthetic
The college app crashes frequently and has a very outdated UI. Assignment submissions through the app often fail. Please update or replace it.,Other,Medium,More than a month,2 to 5,synthetic
"College canteen tables are rarely wiped after students leave. Leftover food, spills, and stains visible on tables. Basic table-cleaning nahi hoti kya?",Cleanliness,Medium,More than a month,2 to 5,synthetic
toilet flush kaam nahi karta,Cleanliness,High,From Last Month,20+,synthetic
seniors scare first year students,Ragging,High,More than a month,2 to 5,synthetic
"Chapatis are not good so thin and gravy smells and dal is like water no chana dal toor dal is there in it and the panner’s gravy is also so much watery
And price is 60 for this ",Mess/Food,High,More than a month,5 to 20,real
College mein koi proper grievance mechanism nahi hai. Hum complaint karte hai  whether verbally to HOD or in a register  and we never hear back. Was it received? Being looked into? Resolved? Zero feedback. It feels like complaints go into a black hole. An online complaint tracking system should be set up where students can see the status of their complaint. Transparency builds trust. Right now there is none.,Other,Medium,From Last Month,20+,synthetic
Some teachers are just here for the money they didnt even teach as per their pay just come tell something and then didnt even come to check whether student finish their work or not so much layback attitude.,Academics,Medium,From Last Month,5 to 20,real
college mein kachra everywhere,Cleanliness,Low,More than a month,20+,synthetic
"Food quality in the mess is honestly below average. Paneer ki gravy watery hai, sabji mein koi taste nahi, aur roz wahi same menu. Variety laao please.",Mess/Food,High,More than a month,Only me,synthetic
202 classroom ka AC 2 mahine se band hai. Summer mein bina AC ke ek hour bhi baithna mushkil hai. Please get it repaired already.,Technical Issues,Medium,More than a month,5 to 20,synthetic
iMac lab mein students ko access nahi diya jaata. Itna expensive hardware has dust on it. What's the point of buying it if students can't use it?,Technical Issues,High,From last week,Only me,synthetic
"College events run way over time without warning. If event says 6pm end, it runs till 9pm. Students miss buses and trains because of this.",Other,High,From Last Month,Only me,synthetic
professor ne class mein humiliate kiya,Ragging,High,From Last Month,Only me,synthetic
Water leakage in A block classrooms has been an issue since monsoon. Nothing has been repaired. The seepage is causing wall damage now too.,Infrastructure,High,From Last Month,20+,synthetic
Not encouraging students to improve their skills but attend those typical lectures with 0 value,Academics,High,More than a month,20+,real
attendance problem in college,Academics,Low,More than a month,20+,synthetic
"The washrooms in this college are in a terrible condition. All the toilet stalls in girls washroom of D block have broken flush handles  you have to manually pour water or just leave it. The floor is perpetually wet creating a slipping hazard. There are no soap dispensers. The cleaning is done only once in the morning, after which the condition deteriorates rapidly through the day. By afternoon it's genuinely unbearable. This is a health and hygiene issue that directly affects girl students every single day. Please set up a proper cleaning schedule and maintenance team.",Cleanliness,Medium,More than a month,20+,synthetic
College events are held on weekdays during college hours  this disturbs regular lectures and students suffer. Schedule events on weekends or free periods.,Other,Medium,From last week,2 to 5,synthetic
toilet flush kaam nahi karta,Cleanliness,Low,More than a month,5 to 20,synthetic
internet drops every 10 minutes,Technical Issues,Low,From Last Month,20+,synthetic
A student was asked by senior to share their assignment for 'reference' and was threatened that they'd be made uncomfortable otherwise. Clear coercion.,Ragging,High,More than a month,Only me,synthetic
"Printer in the department is always jammed or out of paper. Every time we go to print something important, it's never working.",Technical Issues,High,From last week,20+,synthetic
garbage near canteen area,Cleanliness,Medium,More than a month,Only me,synthetic
Food mein milawat ka doubt hota hai sometimes. Quality itni poor hai ki taste genuinely suspicious lagta hai. Health check-ups karo mess ke food ka.,Mess/Food,High,More than a month,20+,synthetic
"Sweeping is done daily but with the same dirty broom  it just moves the dust around, doesn't clean. Use proper mops with disinfectant.",Cleanliness,Low,From Last Month,2 to 5,synthetic
"Junior students are asked by certain seniors to fetch food, do errands, etc. under the guise of 'helping out.' This normalized ragging needs to be addressed.",Ragging,High,More than a month,5 to 20,synthetic
Washroom cleaning schedule follow nahi hoti. Subah clean hota hai aur dopahar tak ganda ho jaata hai. At least twice a day cleaning honi chahiye.,Cleanliness,Medium,More than a month,20+,synthetic
"No proper induction program for first year students. They are lost for the first month with no guidance on processes, facilities, or expectations.",Other,Medium,More than a month,20+,synthetic
"Multiple systems in lab M411 and M312 are non-functional. Some don't boot, some freeze during work, and some have login issues where it doesn't recognize student IDs. We have practicals to complete with deadlines and we can't work because the computers are broken. This has been reported multiple times but nothing has been fixed. How are we expected to learn if the tools aren't working? The labs need urgent maintenance.",Technical Issues,High,More than a month,Only me,synthetic
no mental health support in college,Other,Low,From Last Month,5 to 20,synthetic
"During monsoon, water enters the basement area where some labs are. Equipment gets damaged. Waterproofing should have been done long ago.",Infrastructure,Low,More than a month,20+,synthetic
notice nahi milti properly,Other,Medium,Today,5 to 20,synthetic
Canteen is overcrowded during the lunch break and it takes a long time to get the food and till then the lecture gets started ,Mess/Food,High,More than a month,20+,real
SGPA mein ISA ka weightage itna zyada hai ki ek bemar student ka poora semester kharab ho jata hai. No flexibility for genuine cases.,Academics,Medium,More than a month,20+,synthetic
"The washrooms in this college are in a terrible condition. All the toilet stalls in girls washroom of D block have broken flush handles  you have to manually pour water or just leave it. The floor is perpetually wet creating a slipping hazard. There are no soap dispensers. The cleaning is done only once in the morning, after which the condition deteriorates rapidly through the day. By afternoon it's genuinely unbearable. This is a health and hygiene issue that directly affects girl students every single day. Please set up a proper cleaning schedule and maintenance team.",Cleanliness,High,More than a month,20+,synthetic
classroom mein dust everywhere,Cleanliness,High,More than a month,20+,synthetic
WiFi signal doesn't reach hostel blocks properly. Students who stay in hostel have no reliable internet for evening studies.,Technical Issues,Medium,More than a month,5 to 20,synthetic
dal mein paani hi paani,Mess/Food,Medium,More than a month,20+,synthetic
Girls washroom mein door locks broken hai almost every stall mein. We have to hold the door or wait for the one with a working lock. During breaks it's so stressful and time-consuming.,Infrastructure,High,Today,Only me,synthetic
Washroom cleaning schedule follow nahi hoti. Subah clean hota hai aur dopahar tak ganda ho jaata hai. At least twice a day cleaning honi chahiye.,Cleanliness,High,More than a month,5 to 20,synthetic
"Misal pav is the most popular item but the pav quality is always substandard. Stale, hard, sometimes has an off smell. Basic quality check karo.",Mess/Food,High,More than a month,20+,synthetic
washroom mein soap nahi hai,Cleanliness,Medium,From Last Month,20+,synthetic
faraway students ke liye koi support nahi,Other,Low,From last week,5 to 20,synthetic
"Ek faculty member ka behavior students ke saath bahut hi bura hai. Woh class mein questions puchte hai aur agar galat jawab aaya toh loudly mock karte hai  poori class ke saamne. Ek baar ek student ne ek concept pe doubt pucha toh unhone kaha 'itna bhi nahi pata, kya kar rahe ho yahan?' This is deeply demoralizing. Students ki confidence totally shatter ho gayi hai. Aise professor ke saath class attend karna mental torture hai. Please talk to this faculty member and make them understand professional conduct.",Ragging,High,More than a month,2 to 5,synthetic
garbage near canteen area,Cleanliness,Medium,More than a month,5 to 20,synthetic
Used tissue and garbage often found near the water cooler area. Students and cleaning staff both need to take responsibility.,Cleanliness,High,More than a month,5 to 20,synthetic
water ka taste acha nahi hai,Other,Medium,More than a month,5 to 20,synthetic
food quality very poor,Mess/Food,High,More than a month,5 to 20,synthetic
"Sir ne front bench pe baithe students ko bola ki 'back bench pe jaao, aap log toh waise bhi kuch nahi karoge.' This is demoralizing and unprofessional.",Ragging,High,More than a month,2 to 5,synthetic
washroom flush nahi kaam karta,Infrastructure,High,More than a month,2 to 5,synthetic
"After rains, puddles form in campus walkways and become breeding grounds for mosquitoes. Proper drainage maintenance is needed.",Cleanliness,Low,From last week,20+,synthetic
Benches in the canteen outdoor area are broken. Students sitting on them risk getting hurt. Replace them please.,Infrastructure,High,More than a month,20+,synthetic
Food hygiene is very questionable. Once I found something in my food that shouldn't be there. No proper covering of food items. This is a health risk.,Mess/Food,High,More than a month,20+,synthetic
"The college expects innovation in projects but doesn't give us time, tools, or mentorship to actually innovate. Contradiction at its finest.",Academics,High,More than a month,20+,synthetic
Professor ek particular student group ke saath bias rakhta hai  favorites ko marks deta hai aur baaki ko unfairly treats karta hai. This is discrimination.,Ragging,High,More than a month,Only me,synthetic
100% attendance compulsory kyu hai yaar,Academics,Medium,From Last Month,20+,synthetic
"Paneer dishes are a disappointment every single time. Watery gravy, small pieces, and no flavor. For the price they charge, paneer should at least be decent.",Mess/Food,Medium,More than a month,20+,synthetic
College WiFi ka login system is very buggy. Aadhe time login page hi nahi aata. Aur agar aa gaya toh disconnect ho jata hai 5 minutes mein.,Technical Issues,High,More than a month,2 to 5,synthetic
Hostel block mein geyser kaam nahi karta C wing mein. Cold water se nahaana in winter is not okay. Fix karo please.,Infrastructure,Medium,More than a month,20+,synthetic
cleaning nahi hoti proper,Cleanliness,Medium,More than a month,20+,synthetic
Canteen mein rush bohot zyada hota hai lunch time pe. 30 minute queue mein khade raho aur phir lecture miss ho jata hai. Seating bhi itni kam hai ki baithne ki jagah nahi.,Mess/Food,Low,More than a month,20+,synthetic
100% attendance compulsory kyu hai yaar,Academics,High,From Last Month,20+,synthetic
"Emergency exit signs in C block are faded and barely visible. In case of fire, this could be life-threatening. Please repaint them.",Infrastructure,Medium,More than a month,20+,synthetic
Light bulbs in some classrooms are of very low wattage  it's dim and strains the eyes during reading. Upgrade to proper bright lighting.,Infrastructure,High,More than a month,5 to 20,synthetic
internet drops every 10 minutes,Technical Issues,Medium,Today,20+,synthetic
lab systems too old to run modern software,Technical Issues,High,From last week,20+,synthetic
lights nahi chal rahi corridor mein,Infrastructure,Medium,More than a month,Only me,synthetic
monday test hata do please,Academics,Medium,More than a month,Only me,synthetic
60 rupaye mein jo milta hai woh 30 rupaye ka bhi nahi lagta. Price kam karo ya quality improve karo. Dono sath nahi chal sakta aise.,Mess/Food,High,More than a month,5 to 20,synthetic
"Paneer dishes are a disappointment every single time. Watery gravy, small pieces, and no flavor. For the price they charge, paneer should at least be decent.",Mess/Food,High,More than a month,20+,synthetic
College mein cleaning ki responsibility sirf cleaning staff pe hai  but no quality check by administration. Accountability system banao.,Cleanliness,Medium,More than a month,20+,synthetic
software license expired hai,Technical Issues,Low,More than a month,2 to 5,synthetic
lab floors dirty hai,Cleanliness,Medium,More than a month,20+,synthetic
"College social media pages post irrelevant content. Important announcements should be made on official channels, not buried under event photos.",Other,Low,More than a month,2 to 5,synthetic
The ISA marks are directly affecting our SGPA. Ek test mein kuch galat hua toh poora semester kharab. This system needs to change.,Academics,High,More than a month,20+,synthetic
Girls washroom mein door locks broken hai almost every stall mein. We have to hold the door or wait for the one with a working lock. During breaks it's so stressful and time-consuming.,Infrastructure,High,More than a month,20+,synthetic
Professor ne exam mein caught cheating ke naam pe ek student ko itna humiliate kiya ki woh rona shuru ho gayi. Stern action is understandable but public humiliation is not.,Ragging,Low,From last week,5 to 20,synthetic
There is a pattern of behavior from one particular professor that I want to report formally. He regularly singles out students who don't have 100% attendance and threatens them in front of the class. He uses sarcastic and demeaning language. Girls especially have complained of feeling uncomfortable in his classes. On multiple occasions he has made comments that were inappropriate and humiliating. This is not discipline  this is harassment. Several students have already stopped attending his classes out of fear. Please investigate and act.,Ragging,High,From last week,2 to 5,synthetic
OHU students ke liye mess ka khana affordable hona chahiye. 60-70 rupaye per meal is too much for what they serve. Quality and price dono match nahi karte.,Mess/Food,High,More than a month,5 to 20,synthetic
"Vending machine near the canteen has been out of order for 3 weeks now. After 5pm when canteen closes, students have no food/snack option. Please fix it.",Other,High,More than a month,2 to 5,synthetic
professor ne class mein humiliate kiya,Ragging,Medium,From last week,Only me,synthetic
notice nahi milti properly,Other,Medium,More than a month,20+,synthetic
Faculty member has a habit of making examples of students who perform poorly by announcing their marks publicly. This is humiliating and discouraging.,Ragging,High,From Last Month,5 to 20,synthetic
Benches in the canteen outdoor area are broken. Students sitting on them risk getting hurt. Replace them please.,Infrastructure,Low,More than a month,20+,synthetic
"No proper first aid room or medical facility on campus. If a student falls ill or gets injured, there's no immediate help available.",Other,Low,More than a month,20+,synthetic
"Sir ne front bench pe baithe students ko bola ki 'back bench pe jaao, aap log toh waise bhi kuch nahi karoge.' This is demoralizing and unprofessional.",Ragging,High,From last week,2 to 5,synthetic
AC in room 301 makes a huge noise  it's distracting during lectures. Either fix the sound or replace the unit.,Technical Issues,Medium,More than a month,20+,synthetic
No hand sanitizers or soap available in washrooms. During flu season this is a major hygiene risk for everyone in the college.,Cleanliness,Medium,More than a month,20+,synthetic
"Sweeping is done daily but with the same dirty broom  it just moves the dust around, doesn't clean. Use proper mops with disinfectant.",Cleanliness,Medium,More than a month,20+,synthetic
"ISA marks affect karte hai SGPA ko, this is unfair",Academics,High,More than a month,5 to 20,synthetic
AC in room 301 makes a huge noise  it's distracting during lectures. Either fix the sound or replace the unit.,Technical Issues,Low,More than a month,5 to 20,synthetic
"College WhatsApp groups are full of spam  promotional messages, surveys, irrelevant forwards. It's so hard to find important messages in all this noise.",Other,Medium,From last week,Only me,synthetic
no soap dispenser in washroom,Infrastructure,Low,More than a month,20+,synthetic
The biometric attendance machine in D block has been broken for weeks. Manual attendance being taken is inconsistent and leads to disputes.,Technical Issues,Medium,More than a month,5 to 20,synthetic
sir class mein sarcasm karta hai unnecessarily,Ragging,High,More than a month,Only me,synthetic
"The parking area is completely unorganized. No designated spots, vehicles parked randomly  it creates traffic jams every morning and evening.",Infrastructure,High,From Last Month,20+,synthetic
The area behind the canteen is where all the garbage accumulates. It smells terrible and attracts insects. Proper waste disposal system chahiye.,Cleanliness,Medium,More than a month,20+,synthetic
"There is no bus facility for students coming from far areas. We spend 4-5 hours in travel daily. If college can arrange even one route, it would help many students.",Other,High,From Last Month,2 to 5,synthetic
"The electrical infrastructure in the labs is very dangerous. Sockets are so worn out that plugs don't fit  students literally use pens to push in charger pins. This is an electrical hazard and someone could get seriously hurt. This has been like this for months and no maintenance has been done. Along with this, several lab benches are broken. Students can't work comfortably in such conditions. The maintenance team needs to do a complete lab inspection immediately.",Infrastructure,High,More than a month,2 to 5,synthetic
The projector in our classroom has been broken for 2 weeks. Professor is teaching on whiteboard only which is very difficult to see from back benches.,Technical Issues,High,More than a month,20+,synthetic
iMac lab mein students ko access nahi diya jaata. Itna expensive hardware has dust on it. What's the point of buying it if students can't use it?,Technical Issues,Medium,More than a month,5 to 20,synthetic
canopy leaks during rains,Infrastructure,High,From last week,20+,synthetic
socket problem in labs,Infrastructure,Low,More than a month,20+,synthetic
"The WiFi situation in this college is honestly embarrassing. It barely works inside the building, and when it does, the speed is so slow that a simple Google search takes forever. The login system is a nightmare  half the time the login page doesn't even load, and when it does, you get disconnected every few minutes. How are students supposed to do research, complete online assignments, or access learning resources? In 2026, a college that can't provide decent internet is a serious problem. Please invest in proper networking infrastructure.",Technical Issues,High,Today,20+,synthetic
no mental health support in college,Other,Low,More than a month,5 to 20,synthetic
A student was asked by senior to share their assignment for 'reference' and was threatened that they'd be made uncomfortable otherwise. Clear coercion.,Ragging,High,From Last Month,2 to 5,synthetic
Washroom cleaning schedule follow nahi hoti. Subah clean hota hai aur dopahar tak ganda ho jaata hai. At least twice a day cleaning honi chahiye.,Cleanliness,High,More than a month,20+,synthetic
"The parking area is completely unorganized. No designated spots, vehicles parked randomly  it creates traffic jams every morning and evening.",Infrastructure,High,More than a month,5 to 20,synthetic
Sir ne ek student ko class se bahar kar diya publicly for no valid reason. It was humiliating and the student was visibly upset. This is not acceptable.,Ragging,High,More than a month,Only me,synthetic
counseling service nahi hai,Other,Medium,More than a month,Only me,synthetic
college events paise waste karte hai,Other,High,More than a month,20+,synthetic
"Vending machine accepts only exact change  no change given back, no card/UPI. This is 2026, please upgrade the machine.",Other,High,More than a month,5 to 20,synthetic
"Faculty member calls on students who seem distracted and mocks them sarcastically. 'Aap toh celebrity ho, hum wait karein aapke liye?' This is demeaning.",Ragging,Medium,From last week,2 to 5,synthetic
sir rude hai students ke saath,Ragging,High,More than a month,Only me,synthetic
"I am a 3rd year CE student and honestly the academic pressure here is unbearable. We have monday tests every week, ISA exams, practicals, and on top of that tons of assignments with declaration pages for each one. Where is the time to actually learn something? I want to build projects, prepare for interviews, learn new technologies  but the college keeps us so busy with pointless tasks that there's no time left. The professors themselves admit that half the syllabus won't be used in real life. Then why are we being evaluated on it? Please reconsider the academic structure.",Academics,Low,More than a month,5 to 20,synthetic
Lab M312 mein half the computers kaam nahi karte. Either they don't boot or the login fails. How are we supposed to complete practicals?,Technical Issues,Medium,From Last Month,Only me,synthetic
canteen UPI accept nahi karta,Mess/Food,Medium,More than a month,5 to 20,synthetic
Faculty member has a habit of making examples of students who perform poorly by announcing their marks publicly. This is humiliating and discouraging.,Ragging,High,From Last Month,2 to 5,synthetic
Rugved Deolekar Sir unnecessarily bullying on a  nomissue of an id card . Using poor language and rude tone which can in future lead to verbal argument and disturbance ,Ragging,High,From last week,Only me,real
Professor ek particular student group ke saath bias rakhta hai  favorites ko marks deta hai aur baaki ko unfairly treats karta hai. This is discrimination.,Ragging,High,More than a month,Only me,synthetic
queue bahut lamba hai,Mess/Food,High,From Last Month,20+,synthetic
Professor ne exam mein caught cheating ke naam pe ek student ko itna humiliate kiya ki woh rona shuru ho gayi. Stern action is understandable but public humiliation is not.,Ragging,High,More than a month,Only me,synthetic
Sir ne ek student ko class se bahar kar diya publicly for no valid reason. It was humiliating and the student was visibly upset. This is not acceptable.,Ragging,High,From Last Month,2 to 5,synthetic
College notices are never communicated properly. Important deadlines come and go without most students knowing. Use email or a proper notice board system.,Other,Low,More than a month,20+,synthetic
"Yaar monday ko test hota hai toh sunday ko self study nahi ho pata. Ek din bhi rest nahi milta. Please isko band karo, students ko breathe karne do.",Academics,Medium,From last week,20+,synthetic
Senior students spread rumors about juniors who report issues. This creates fear and prevents genuine complaints from being raised. Strict confidentiality needed.,Ragging,High,From Last Month,2 to 5,synthetic
iMac lab mein students ko access nahi diya jaata. Itna expensive hardware has dust on it. What's the point of buying it if students can't use it?,Technical Issues,Low,More than a month,20+,synthetic
professor threatens attendance kaatne ki,Ragging,High,More than a month,20+,synthetic
Lab mein benches pe dust ki layer hai. Computers bhi dusty hai. Clearly regular cleaning nahi hoti. Yeh equipment lifespan bhi reduce karta hai.,Cleanliness,High,More than a month,5 to 20,synthetic
ID card pe sir ne bully kiya,Ragging,High,From last week,20+,synthetic
college events paise waste karte hai,Other,High,More than a month,5 to 20,synthetic
"Food quality in the mess is honestly below average. Paneer ki gravy watery hai, sabji mein koi taste nahi, aur roz wahi same menu. Variety laao please.",Mess/Food,Medium,More than a month,5 to 20,synthetic
No wheelchair accessibility ramps in older buildings. Students with mobility issues cannot access certain floors. This is a serious inclusion failure.,Infrastructure,Medium,From Last Month,5 to 20,synthetic
The washroom flush in boys block hasn't been working properly for weeks. It requires multiple attempts or doesn't flush at all. Very unhygienic situation.,Infrastructure,High,More than a month,20+,synthetic
Sir ne ek student ko class se bahar kar diya publicly for no valid reason. It was humiliating and the student was visibly upset. This is not acceptable.,Ragging,Medium,More than a month,2 to 5,synthetic
mess ka khana bekar hai,Mess/Food,High,More than a month,5 to 20,synthetic
cleanliness - everywhere ,Cleanliness,High,More than a month,20+,real
College mein koi proper grievance mechanism nahi hai. Hum complaint karte hai  whether verbally to HOD or in a register  and we never hear back. Was it received? Being looked into? Resolved? Zero feedback. It feels like complaints go into a black hole. An online complaint tracking system should be set up where students can see the status of their complaint. Transparency builds trust. Right now there is none.,Other,Medium,More than a month,2 to 5,synthetic
ID card pe sir ne bully kiya,Ragging,High,More than a month,Only me,synthetic
"Declaration page for EVERY assignment is ridiculous. It's 2026, not 1990. Go paperless at least. Such a waste.",Academics,High,More than a month,5 to 20,synthetic
Sir ne ek student ko class se bahar kar diya publicly for no valid reason. It was humiliating and the student was visibly upset. This is not acceptable.,Ragging,High,More than a month,Only me,synthetic
bahar ka area safe nahi hai,Infrastructure,High,From Last Month,2 to 5,synthetic
corridor mein smell aata hai,Cleanliness,High,More than a month,5 to 20,synthetic
"Sgpi/cgpi dependent on ISA, worthy people deprived of good sg or cg",Academics,High,More than a month,20+,real
"Mess Food is not good, only 2-3 items are worth eating 
M-Block Canteen doesn't accept UPI",Mess/Food,High,More than a month,5 to 20,real
food mein oil bahut zyada hai,Mess/Food,High,More than a month,5 to 20,synthetic
"Declaration page for EVERY assignment is ridiculous. It's 2026, not 1990. Go paperless at least. Such a waste.",Academics,High,From last week,20+,synthetic
"Lack of nutrition in food, excess oil, poor quality of food.",Mess/Food,High,More than a month,20+,real
Language problem serious hai clg mein. Maharashtra ke bahar ke students ke liye Marathi medium faculty ek big barrier hai. Kuch professors poori class Marathi mein lete hai aur sirf end mein ek line English mein bolta hai. Non-Marathi students completely lost rehte hai throughout the lecture. Teaching medium English ya Hindi hona chahiye as per university guidelines. Please enforce this properly.,Other,High,From Last Month,5 to 20,synthetic
Software required for our curriculum isn't installed on lab computers. We waste the first 30 minutes of every practical session installing tools.,Technical Issues,Medium,More than a month,2 to 5,synthetic
Hostel corridor cleaning happens only on weekends. 5 days mein corridor itna ganda ho jaata hai ki walk karna uncomfortable ho jata hai.,Cleanliness,Medium,More than a month,5 to 20,synthetic
broken benches in classroom,Infrastructure,Medium,More than a month,Only me,synthetic
"College portal ka interface itna purana hai ki mobile pe open hi nahi hota properly. It's 2026, please make it mobile-responsive.",Technical Issues,Medium,From last week,2 to 5,synthetic
"I am writing this complaint on behalf of many students who are concerned about the hygiene conditions in the college washrooms, particularly in blocks C and D. The washrooms are cleaned only once in the morning. By 11am they are in a deplorable condition  floors wet, flush not working, no soap, bad odor spreading to corridors. Students are forced to use unhygienic facilities multiple times a day. This increases risk of infections and skin diseases. The administration must hire adequate cleaning staff and ensure washrooms are cleaned at least 3 times daily.",Cleanliness,High,More than a month,5 to 20,synthetic
Girls common room mein AC nahi hai. Boys ke liye facilities hai but girls ke liye basic comfort nahi. Unfair treatment.,Infrastructure,Low,More than a month,2 to 5,synthetic
Senior students verbally abused juniors near the library and threatened them not to use certain chairs 'reserved' for seniors. This entitlement and intimidation needs to stop.,Ragging,High,More than a month,Only me,synthetic
Washroom tiles in boys block have not been scrubbed in a long time. Stains and deposits everywhere. Deep cleaning is overdue.,Cleanliness,High,More than a month,5 to 20,synthetic
"Misal pav is the most popular item but the pav quality is always substandard. Stale, hard, sometimes has an off smell. Basic quality check karo.",Mess/Food,High,More than a month,20+,synthetic
Each Monday MSC test,Academics,High,More than a month,5 to 20,real
Washroom cleaning schedule follow nahi hoti. Subah clean hota hai aur dopahar tak ganda ho jaata hai. At least twice a day cleaning honi chahiye.,Cleanliness,High,More than a month,20+,synthetic
syllabus outdated hai bhai,Academics,High,More than a month,20+,synthetic
The college app crashes frequently and has a very outdated UI. Assignment submissions through the app often fail. Please update or replace it.,Other,Medium,More than a month,5 to 20,synthetic
sir ne personal comment kiya,Ragging,High,From Last Month,Only me,synthetic
Monday Exams ,Academics,High,More than a month,20+,real
"During my MSE exams, a girl who regularly sits in front of me has long hair that often falls over my desk and covers my answer sheet. This repeatedly distracts me and makes it difficult to focus, as I am unable to see my paper clearly. Due to this ongoing issue, I have not been able to complete my exam properly or perform to the best of my ability😢😢",Academics,High,More than a month,20+,real
60 rupaye mein yeh milta hai?,Mess/Food,Low,Today,2 to 5,synthetic
"My issue is with the complete lack of academic resources for the Robotics minor introduced by our department. Robotics is a field that fundamentally depends on both hardware and software, yet our “college” has reduced it to just theoretical or software-based learning, which defeats the entire purpose of the course.
There are no basic resources provided  not even something as simple as an Arduino board for hands-on practice. I haven’t been shown a single working robot, nor has there been any proper demonstration of real robotics applications. How are students expected to understand robotics without ever interacting with actual hardware?
Despite this, the department still expects 75% attendance. On what basis? Why should students attend classes that offer no practical value or real learning experience?
If the college is not capable of providing even the most basic infrastructure required for robotics education, then offering this course is misleading and pointless. Institutions like IITs carefully design their labs and even involve experts or interns to decide what experiments students should perform. In contrast, our “beautiful college” is teaching only software like MATLAB in a so-called robotics lab.

This is not robotics education  this is a complete misrepresentation of the subject.",Academics,High,More than a month,20+,real
"Dustbins are placed only at entrances  not inside labs or near study areas. Students have to walk too far, so they dump waste nearby instead.",Cleanliness,High,From Last Month,20+,synthetic
"The parking area is completely unorganized. No designated spots, vehicles parked randomly  it creates traffic jams every morning and evening.",Infrastructure,Medium,More than a month,2 to 5,synthetic
M-block canteen doesn't accept UPI which is super inconvenient. We are college students  most of us don't carry cash. Please update your payment system bhai.,Mess/Food,High,More than a month,5 to 20,synthetic
The seating capacity in the mess is way too small for the number of students. We end up eating standing or rushing back to class hungry.,Mess/Food,Medium,From Last Month,20+,synthetic
Professors having attitude to help students and they themselves lack education ,Academics,High,More than a month,20+,real
socket problem in labs,Infrastructure,Medium,From Last Month,2 to 5,synthetic
software license expired hai,Technical Issues,Medium,From Last Month,2 to 5,synthetic
wifi nahi chal raha,Technical Issues,High,From Last Month,5 to 20,synthetic
Washroom tiles in boys block have not been scrubbed in a long time. Stains and deposits everywhere. Deep cleaning is overdue.,Cleanliness,High,Today,20+,synthetic
classroom mein dust everywhere,Cleanliness,High,More than a month,20+,synthetic
"Vending machine accepts only exact change  no change given back, no card/UPI. This is 2026, please upgrade the machine.",Other,Medium,More than a month,2 to 5,synthetic
"PC mein virus hai shayad, too slow",Technical Issues,Low,From last week,5 to 20,synthetic
food mein oil bahut zyada hai,Mess/Food,High,Today,20+,synthetic
Misal pav ka pav stale rehta hai. Chawli ki sabji ka smell aata hai. Aur papad toh kabhi milta hi nahi. Is food worth 60 rupees? Absolutely not.,Mess/Food,Medium,More than a month,Only me,synthetic
"Ek faculty member ka behavior students ke saath bahut hi bura hai. Woh class mein questions puchte hai aur agar galat jawab aaya toh loudly mock karte hai  poori class ke saamne. Ek baar ek student ne ek concept pe doubt pucha toh unhone kaha 'itna bhi nahi pata, kya kar rahe ho yahan?' This is deeply demoralizing. Students ki confidence totally shatter ho gayi hai. Aise professor ke saath class attend karna mental torture hai. Please talk to this faculty member and make them understand professional conduct.",Ragging,High,From Last Month,Only me,synthetic
No wheelchair accessibility ramps in older buildings. Students with mobility issues cannot access certain floors. This is a serious inclusion failure.,Infrastructure,Medium,More than a month,20+,synthetic
"Yaar campus ki cleanliness ki situation kya bata bhai. Canteen ke bahar ka area garbage dump ban gaya hai. Stairs ke corners pe kachra, dustbins overflow ho rahe hai, aur bahar ka road bhi littered hai. Students bhi zimmedaar hai for sure  but cleaning staff bhi visible nahi hai campus pe during the day. Koi ek person responsible hona chahiye jo ensure kare ki campus clean hai throughout the day. Ek Sunday campus cleanliness drive organize karo  involve students bhi. Something needs to be done.",Cleanliness,High,More than a month,20+,synthetic
"I am a 3rd year CE student and honestly the academic pressure here is unbearable. We have monday tests every week, ISA exams, practicals, and on top of that tons of assignments with declaration pages for each one. Where is the time to actually learn something? I want to build projects, prepare for interviews, learn new technologies  but the college keeps us so busy with pointless tasks that there's no time left. The professors themselves admit that half the syllabus won't be used in real life. Then why are we being evaluated on it? Please reconsider the academic structure.",Academics,Medium,More than a month,20+,synthetic
professor girls ke saath rude hai especially,Ragging,High,From last week,2 to 5,synthetic
The washroom flush in boys block hasn't been working properly for weeks. It requires multiple attempts or doesn't flush at all. Very unhygienic situation.,Infrastructure,Medium,More than a month,2 to 5,synthetic
Air conditioning does not work properly sometimes ,Infrastructure,Medium,More than a month,5 to 20,real
college mein transport nahi hai,Other,High,More than a month,5 to 20,synthetic
Professor ne exam mein caught cheating ke naam pe ek student ko itna humiliate kiya ki woh rona shuru ho gayi. Stern action is understandable but public humiliation is not.,Ragging,High,From Last Month,Only me,synthetic
"ISA marks affect karte hai SGPA ko, this is unfair",Academics,Medium,More than a month,5 to 20,synthetic
paneer watery hai,Mess/Food,Low,From Last Month,5 to 20,synthetic
Faculty teaching in marathi instead of English or hindi because I don't know marathi ,Academics,High,More than a month,Only me,real
"Junior students are asked by certain seniors to fetch food, do errands, etc. under the guise of 'helping out.' This normalized ragging needs to be addressed.",Ragging,High,More than a month,Only me,synthetic
"Classroom floors are swept but not mopped. Sticky floors, stains, and marks everywhere. Proper floor cleaning with disinfectant is required.",Cleanliness,High,More than a month,5 to 20,synthetic
"After college events, the venue is never cleaned properly. Next day students find leftover food, plastic, and mess everywhere.",Cleanliness,Medium,More than a month,5 to 20,synthetic
"During rains, water leaks into D block library area. Books and bags get wet. The building maintenance is clearly not done properly.",Infrastructure,Medium,More than a month,2 to 5,synthetic
"Yaar ITI students get better practical training than us sometimes. Hum engineering kar rahe hai but kabhi kuch banana nahi sikha. Sab theoretical hai. Physics, maths, theory, theory, theory. Kab industry-ready honge? Companies mein jaate hai interview ke liye toh pata chalta hai kitna gap hai. College ki responsibility hai ki hume ready kare  aur yeh college fail ho rahi hai is maamle mein completely.",Academics,Low,More than a month,20+,synthetic
bahar ka area safe nahi hai,Infrastructure,High,More than a month,20+,synthetic
"Ek faculty member ka behavior students ke saath bahut hi bura hai. Woh class mein questions puchte hai aur agar galat jawab aaya toh loudly mock karte hai  poori class ke saamne. Ek baar ek student ne ek concept pe doubt pucha toh unhone kaha 'itna bhi nahi pata, kya kar rahe ho yahan?' This is deeply demoralizing. Students ki confidence totally shatter ho gayi hai. Aise professor ke saath class attend karna mental torture hai. Please talk to this faculty member and make them understand professional conduct.",Ragging,High,More than a month,2 to 5,synthetic
classroom windows broken hain,Infrastructure,Medium,More than a month,20+,synthetic
Wifi password change hote rehta hai bina notice ke. Ek din suddenly disconnect  class mein teacher something batate hai aur hum internet ke bina hote hai.,Technical Issues,Low,More than a month,5 to 20,synthetic
Cleaning ,Cleanliness,High,From Last Month,2 to 5,real
Lab mein socket itne kharab hai ki students ko pen daal ke charger lagana padta hai. Yeh dangerous hai  electric shock ka risk hai. Please fix immediately.,Infrastructure,High,More than a month,20+,synthetic
"Rugved Deolekar sir ne sirf ID card nahi hone pe itna bura behave kiya. Loudly scolded in front of everyone, used rude language. That is not how you speak to students.",Ragging,High,From last week,2 to 5,synthetic
D block washroom ka floor drainage system kharab hai. Paani floor pe ruk jaata hai aur slippery ho jaata hai. Ek student phisal bhi chuki hai wahan se. Yeh ek accident ka intezaar hai. Flush bhi properly nahi kaam karta. Soap nahi hai. Overall washroom condition bahut unhygienic hai. Please send maintenance team to D block washrooms on priority. This is a safety and hygiene emergency.,Infrastructure,Medium,More than a month,20+,synthetic
Classroom smart boards are rarely functional. Teachers end up using chalk boards which defeats the purpose of having smart technology.,Technical Issues,High,From Last Month,5 to 20,synthetic
OHU students ke liye food affordable nahi,Mess/Food,High,From Last Month,2 to 5,synthetic
"The college website is outdated  timetables are wrong, faculty list is incomplete, and contact information leads to dead ends.",Other,High,From Last Month,2 to 5,synthetic
"No proper induction program for first year students. They are lost for the first month with no guidance on processes, facilities, or expectations.",Other,High,More than a month,2 to 5,synthetic
"Dustbins are placed only at entrances  not inside labs or near study areas. Students have to walk too far, so they dump waste nearby instead.",Cleanliness,Medium,More than a month,20+,synthetic
language barrier hai lectures mein,Other,Medium,More than a month,5 to 20,synthetic
sir ne gaali di class mein,Ragging,High,From Last Month,Only me,synthetic
During MSE exams submission portal crashed and many students couldn't upload on time. Who takes responsibility for technical failure?,Technical Issues,Low,From last week,20+,synthetic
"Junior students are asked by certain seniors to fetch food, do errands, etc. under the guise of 'helping out.' This normalized ragging needs to be addressed.",Ragging,High,From Last Month,2 to 5,synthetic
ID card pe sir ne bully kiya,Ragging,High,From Last Month,Only me,synthetic
seating nahi milti lunch mein,Mess/Food,High,More than a month,2 to 5,synthetic
outside college area littered,Cleanliness,High,More than a month,5 to 20,synthetic
Professor ek particular student group ke saath bias rakhta hai  favorites ko marks deta hai aur baaki ko unfairly treats karta hai. This is discrimination.,Ragging,High,From Last Month,Only me,synthetic
5 month long semester giving no time for self study or skills improvement ,Academics,High,More than a month,5 to 20,real
"Classroom floors are swept but not mopped. Sticky floors, stains, and marks everywhere. Proper floor cleaning with disinfectant is required.",Cleanliness,Medium,More than a month,5 to 20,synthetic
"Ek faculty member ka behavior students ke saath bahut hi bura hai. Woh class mein questions puchte hai aur agar galat jawab aaya toh loudly mock karte hai  poori class ke saamne. Ek baar ek student ne ek concept pe doubt pucha toh unhone kaha 'itna bhi nahi pata, kya kar rahe ho yahan?' This is deeply demoralizing. Students ki confidence totally shatter ho gayi hai. Aise professor ke saath class attend karna mental torture hai. Please talk to this faculty member and make them understand professional conduct.",Ragging,High,From Last Month,Only me,synthetic
"Network speed during peak hours (10am-12pm) drops to almost nothing. Too many users, not enough bandwidth. Upgrade the network capacity.",Technical Issues,High,More than a month,2 to 5,synthetic
Monday test,Academics,High,More than a month,20+,real
College WiFi ka login system is very buggy. Aadhe time login page hi nahi aata. Aur agar aa gaya toh disconnect ho jata hai 5 minutes mein.,Technical Issues,Medium,More than a month,Only me,synthetic
"Sweeping is done daily but with the same dirty broom  it just moves the dust around, doesn't clean. Use proper mops with disinfectant.",Cleanliness,High,More than a month,20+,synthetic
Canteen ki seating capacity MUST be increased. 200+ students aate hai ek saath lunch pe aur baith ne ki jagah 50 logon ke liye hai. Simple math problem.,Mess/Food,High,From last week,5 to 20,synthetic
I want to raise a serious concern about the iMac lab. The college proudly advertises this lab but students have no access to it. It's always locked. The hardware is just sitting there collecting dust while students use their personal laptops for everything. Why was this lab set up if students can't use it? Let us use it during free periods or at least give access to CS and IT students. Such expensive equipment going to waste is both sad and frustrating.,Technical Issues,Medium,More than a month,20+,synthetic
mess ka khana bekar hai,Mess/Food,High,More than a month,2 to 5,synthetic
"Emergency exit signs in C block are faded and barely visible. In case of fire, this could be life-threatening. Please repaint them.",Infrastructure,Medium,More than a month,5 to 20,synthetic
no cleaning staff visible during day,Cleanliness,High,More than a month,20+,synthetic
The cleaning staff doesn't clean under benches in the canteen. Food particles accumulate there attracting cockroaches and ants.,Cleanliness,High,More than a month,20+,synthetic
canopy leaks during rains,Infrastructure,Medium,From Last Month,20+,synthetic
"Network speed during peak hours (10am-12pm) drops to almost nothing. Too many users, not enough bandwidth. Upgrade the network capacity.",Technical Issues,High,From last week,2 to 5,synthetic
"College social media pages post irrelevant content. Important announcements should be made on official channels, not buried under event photos.",Other,High,More than a month,Only me,synthetic
Honestly monday test band honi chahiye. Weekend ka ek din study ke liye chahiye  test ki preparation ke liye nahi. Let us rest and learn at our pace.,Academics,High,From Last Month,20+,synthetic
Student ID cards take 2+ months to be issued to new students. Many facilities require ID proof  students are stuck without it.,Other,High,More than a month,20+,synthetic
"Being honest here  the monday MSC tests are absolutely pointless. We are engineering students, not school kids. Every monday we have to mug up something, write a test, and the marks go into our ISA which affects SGPA. This creates unnecessary anxiety and leaves no weekend for actual learning. Companies hire for skills, not for monday test marks. Please scrap this system or at least make it optional. Our mental health matters too.",Academics,High,From Last Month,20+,synthetic
D block washroom ka floor drainage system kharab hai. Paani floor pe ruk jaata hai aur slippery ho jaata hai. Ek student phisal bhi chuki hai wahan se. Yeh ek accident ka intezaar hai. Flush bhi properly nahi kaam karta. Soap nahi hai. Overall washroom condition bahut unhygienic hai. Please send maintenance team to D block washrooms on priority. This is a safety and hygiene emergency.,Infrastructure,High,More than a month,20+,synthetic
"Yaar seriously aaj kal college mein padhna ek torture ban gaya hai. Monday test, tuesday assignment submission, wednesday practical, thursday ISA  kab breathe karein? Aur professor jo padhate hai woh bhi outdated hai. Industry mein koi aur cheez maang raha hai aur hum yahan kuch aur seekh rahe hai. Phir placement ka time aata hai toh samajh nahi aata kya karein. College ne koi roadmap nahi diya, koi mentoring nahi, bas attendance count hoti hai. This is so demoralizing.",Academics,High,More than a month,5 to 20,synthetic
water purifier unclean hai,Cleanliness,High,More than a month,20+,synthetic
washroom flush nahi kaam karta,Infrastructure,High,More than a month,2 to 5,synthetic
"I want to formally complain about the quality of food being served in the college mess. The food is regularly tasteless, poorly cooked, and sometimes even smells off. The gravy dishes are extremely watery. The chapatis are so thin they fall apart. The price has increased but quality has only gone down. Many students including myself have faced stomach issues after eating from the mess. This is a serious health concern and needs immediate attention from the college administration.",Mess/Food,Low,More than a month,5 to 20,synthetic
"Classroom floors are swept but not mopped. Sticky floors, stains, and marks everywhere. Proper floor cleaning with disinfectant is required.",Cleanliness,High,More than a month,20+,synthetic
cgpa pe bohot pressure hai,Academics,High,More than a month,20+,synthetic
College fee payment portal crashes near deadline. Then late fee is charged even when the failure was on the portal's end. Unfair.,Other,High,More than a month,2 to 5,synthetic
Washroom cleaning ,Cleanliness,Medium,More than a month,5 to 20,real
Monday tests again  ,Academics,High,More than a month,20+,synthetic
"Clg mein skills develop karne ka koi platform nahi diya gaya. No hackathons, no workshops, no industry visits. Bas books aur tests.",Academics,Low,More than a month,5 to 20,synthetic
wifi nahi chal raha,Technical Issues,Low,More than a month,5 to 20,synthetic
"Girls washroom in D block is always dirty. Floors wet, no flush working, no soap. How can students use this 5-6 times a day in such conditions? Cleaning honi chahiye regularly.",Cleanliness,High,More than a month,5 to 20,synthetic
"I am a 3rd year CE student and honestly the academic pressure here is unbearable. We have monday tests every week, ISA exams, practicals, and on top of that tons of assignments with declaration pages for each one. Where is the time to actually learn something? I want to build projects, prepare for interviews, learn new technologies  but the college keeps us so busy with pointless tasks that there's no time left. The professors themselves admit that half the syllabus won't be used in real life. Then why are we being evaluated on it? Please reconsider the academic structure.",Academics,High,More than a month,20+,synthetic
wifi bilkul kaam nahi kar raha,Technical Issues,High,Today,20+,Synthetic
net bohot slow chal raha hai,Technical Issues,High,From last week,20+,Synthetic
internet baar baar disconnect ho raha,Technical Issues,High,Today,2 to 5,Synthetic
lab systems login nahi ho rahe,Technical Issues,High,Today,20+,Synthetic
projector connect nahi ho raha,Technical Issues,Medium,From last week,2 to 5,Synthetic
college wifi range bahut weak hai,Technical Issues,Medium,More than a month,20+,Synthetic
lan port kaam nahi kar raha,Technical Issues,Medium,From last week,Only me,Synthetic
system hang ho raha hai baar baar,Technical Issues,High,Today,2 to 5,Synthetic
printer network se connect nahi ho raha,Technical Issues,Medium,From last week,Only me,Synthetic
server down lag raha hai,Technical Issues,High,Today,20+,Synthetic
washroom bahut ganda hai,Cleanliness,High,Today,20+,Synthetic
toilet flush kaam nahi kar raha,Cleanliness,High,Today,2 to 5,Synthetic
floor properly clean nahi hota,Cleanliness,Medium,From last week,20+,Synthetic
dust bins overflow ho rahe hai,Cleanliness,High,Today,20+,Synthetic
classroom mein dust hai everywhere,Cleanliness,Medium,From last week,2 to 5,Synthetic
washroom mein smell aa rahi hai,Cleanliness,High,Today,20+,Synthetic
cleaning staff regular nahi aata,Cleanliness,Medium,More than a month,20+,Synthetic
mess area ganda rehta hai,Cleanliness,High,Today,20+,Synthetic
drinking water area dirty hai,Cleanliness,High,From last week,2 to 5,Synthetic
corridors mein kachra pada rehta hai,Cleanliness,Medium,From last week,20+,Synthetic
ac cooling nahi kar raha,Infrastructure,High,Today,2 to 5,Synthetic
fan kaam nahi kar raha classroom mein,Infrastructure,Medium,From last week,2 to 5,Synthetic
lights flicker ho rahi hai,Infrastructure,Medium,From last week,20+,Synthetic
bench toot gaya hai,Infrastructure,Low,More than a month,Only me,Synthetic
door properly band nahi hota,Infrastructure,Medium,From last week,2 to 5,Synthetic
window broken hai class ki,Infrastructure,Medium,More than a month,Only me,Synthetic
ceiling se pani tapak raha hai,Infrastructure,High,Today,20+,Synthetic
water cooler kaam nahi kar raha,Infrastructure,High,Today,20+,Synthetic
lift kaam nahi kar rahi,Infrastructure,High,Today,20+,Synthetic
classroom ventilation bahut poor hai,Infrastructure,Medium,More than a month,20+,Synthetic
mess ka khana bilkul bakwas hai,Mess/Food,High,Today,20+,Synthetic
food quality bahut low hai,Mess/Food,High,From last week,20+,Synthetic
roti hard hai aur sabzi tasteless,Mess/Food,Medium,From last week,20+,Synthetic
khana thanda serve hota hai,Mess/Food,Medium,From last week,20+,Synthetic
milk kharab lag raha hai,Mess/Food,High,Today,2 to 5,Synthetic
food oily bahut hai,Mess/Food,Medium,From last week,20+,Synthetic
mess mein hygiene maintain nahi hota,Mess/Food,High,Today,20+,Synthetic
rice undercooked hai,Mess/Food,Medium,Today,2 to 5,Synthetic
snacks fresh nahi hote,Mess/Food,Medium,From last week,20+,Synthetic
water quality doubtful hai mess mein,Mess/Food,High,Today,20+,Synthetic
teacher achha explain nahi karte,Academics,High,From last week,20+,Synthetic
lecture samajh nahi aata,Academics,High,From last week,20+,Synthetic
syllabus complete nahi hua,Academics,High,More than a month,20+,Synthetic
assignment deadlines unclear hai,Academics,Medium,From last week,2 to 5,Synthetic
test schedule confusing hai,Academics,Medium,Today,20+,Synthetic
notes provide nahi kiye gaye,Academics,Medium,From last week,20+,Synthetic
teacher fast padha rahe hai,Academics,Medium,From last week,20+,Synthetic
doubt solve nahi hote class mein,Academics,High,From last week,20+,Synthetic
lab sessions properly conduct nahi ho rahe,Academics,High,More than a month,20+,Synthetic
attendance marking galat hai,Academics,High,Today,2 to 5,Synthetic
ragging ho rahi hostel mein, Ragging,High,Today,2 to 5,Synthetic
seniors force kar rahe hai kaam karne ko,Ragging,High,Today,Only me,Synthetic
hostel mein bullying ho rahi hai,Ragging,High,From last week,2 to 5,Synthetic
seniors abusive language use kar rahe hai,Ragging,High,Today,Only me,Synthetic
ragging complaints ignore ho rahe hai,Ragging,High,From last week,2 to 5,Synthetic
first years ko torture kiya ja raha,Ragging,High,Today,2 to 5,Synthetic
mentally harass kar rahe seniors,Ragging,High,From last week,Only me,Synthetic
ragging control nahi ho raha,Ragging,High,More than a month,20+,Synthetic
seniors threaten karte hai,Ragging,High,Today,Only me,Synthetic
ragging ke cases badh rahe hai,Ragging,High,From last week,20+,Synthetic
fees issue resolve nahi ho raha,Other,High,From last week,2 to 5,Synthetic
id card nahi mila abhi tak,Other,Medium,More than a month,Only me,Synthetic
admin office response slow hai,Other,Medium,From last week,2 to 5,Synthetic
documents verify nahi hue abhi tak,Other,High,More than a month,Only me,Synthetic
portal login issue aa raha hai,Other,High,Today,2 to 5,Synthetic
registration process confusing hai,Other,Medium,From last week,20+,Synthetic
exam form submit nahi ho raha,Other,High,Today,2 to 5,Synthetic
staff cooperate nahi kar raha,Other,Medium,From last week,2 to 5,Synthetic
website crash ho jati hai baar baar,Other,High,Today,20+,Synthetic
email ka reply nahi mil raha,Other,Medium,From last week,Only me,Synthetic
